Timestamp,DB,Peak
1780984800000,86,97
1780984810000,85,94
1780984820000,81,87
1780984830000,80,88
1780984840000,78,90
1780984850000,83,91
1780984860000,84,91
1780984870000,76,90
1780984880000,81,92
1780984890000,81,90
1780984900000,83,94
1780984910000,79,88
1780984920000,84,94
1780984930000,85,95
1780984940000,87,94
1780984950000,83,93
1780984960000,86,92
1780984970000,74,82
1780984980000,79,88
1780984990000,76,82
1780985000000,84,93
1780985010000,82,93
1780985020000,87,96
1780985030000,86,100
1780985040000,82,92
1780985050000,83,96
1780985060000,84,94
1780985070000,78,89
1780985080000,76,81
1780985090000,85,91
1780985100000,86,100
1780985110000,78,85
1780985120000,83,92
1780985130000,86,96
1780985140000,84,92
1780985150000,81,86
1780985160000,79,91
1780985170000,82,94
1780985180000,82,91
1780985190000,78,88
1780985200000,86,95
1780985210000,83,96
1780985220000,86,97
1780985230000,81,95
1780985240000,81,88
1780985250000,84,90
1780985260000,77,84
1780985270000,89,96
1780985280000,82,88
1780985290000,84,90
1780985300000,79,91
1780985310000,86,95
1780985320000,81,95
1780985330000,83,92
1780985340000,81,92
1780985350000,85,96
1780985360000,82,90
1780985370000,85,93
1780985380000,86,100
1780985390000,81,89
1780985400000,83,90
1780985410000,78,88
1780985420000,83,95
1780985430000,73,82
1780985440000,84,90
1780985450000,81,88
1780985460000,85,92
1780985470000,81,87
1780985480000,86,99
1780985490000,81,88
1780985500000,77,85
1780985510000,76,89
1780985520000,87,99
1780985530000,80,86
1780985540000,89,97
1780985550000,84,96
1780985560000,84,93
1780985570000,85,93
1780985580000,79,89
1780985590000,83,88
1780985600000,76,89
1780985610000,86,99
1780985620000,91,96
1780985630000,85,91
1780985640000,80,88
1780985650000,81,95
1780985660000,78,92
1780985670000,83,92
1780985680000,76,88
1780985690000,81,89
1780985700000,85,97
1780985710000,78,86
1780985720000,81,91
1780985730000,80,86
1780985740000,80,88
1780985750000,83,93
1780985760000,79,85
1780985770000,83,93
1780985780000,80,85
1780985790000,79,90
1780985800000,81,94
1780985810000,79,88
1780985820000,86,100
1780985830000,81,89
1780985840000,73,80
1780985850000,84,98
1780985860000,77,90
1780985870000,83,89
1780985880000,84,97
1780985890000,88,100
1780985900000,82,89
1780985910000,86,94
1780985920000,79,88
1780985930000,88,93
1780985940000,76,82
1780985950000,81,88
1780985960000,84,89
1780985970000,84,91
1780985980000,82,96
1780985990000,80,85
1780986000000,85,92
1780986010000,75,87
1780986020000,80,94
1780986030000,78,88
1780986040000,88,94
1780986050000,79,92
1780986060000,83,94
1780986070000,79,89
1780986080000,84,96
1780986090000,78,85
1780986100000,81,94
1780986110000,81,91
1780986120000,89,95
1780986130000,87,99
1780986140000,83,96
1780986150000,79,93
1780986160000,82,87
1780986170000,76,81
1780986180000,74,79
1780986190000,77,90
1780986200000,82,89
1780986210000,85,98
1780986220000,86,96
1780986230000,82,95
1780986240000,74,82
1780986250000,82,88
1780986260000,83,94
1780986270000,85,92
1780986280000,82,91
1780986290000,84,93
1780986300000,77,89
1780986310000,81,89
1780986320000,85,97
1780986330000,81,87
1780986340000,88,94
1780986350000,77,85
1780986360000,87,94
1780986370000,77,89
1780986380000,77,90
1780986390000,78,91
1780986400000,78,90
1780986410000,79,86
1780986420000,84,97
1780986430000,84,91
1780986440000,86,94
1780986450000,75,85
1780986460000,82,93
1780986470000,81,89
1780986480000,85,90
1780986490000,81,94
1780986500000,83,92
1780986510000,87,96
1780986520000,76,85
1780986530000,78,85
1780986540000,76,84
1780986550000,88,98
1780986560000,84,95
1780986570000,81,92
1780986580000,84,97
1780986590000,68,77
1780986600000,81,90
1780986610000,83,91
1780986620000,78,91
1780986630000,83,92
1780986640000,87,93
1780986650000,92,102
1780986660000,86,98
1780986670000,82,96
1780986680000,90,97
1780986690000,86,100
1780986700000,77,88
1780986710000,84,92
1780986720000,82,92
1780986730000,85,93
1780986740000,85,96
1780986750000,84,98
1780986760000,85,95
1780986770000,83,94
1780986780000,76,83
1780986790000,75,87
1780986800000,84,92
1780986810000,73,86
1780986820000,75,88
1780986830000,91,104
1780986840000,79,90
1780986850000,83,94
1780986860000,80,87
1780986870000,76,86
1780986880000,78,90
1780986890000,82,91
1780986900000,76,90
1780986910000,85,91
1780986920000,85,93
1780986930000,81,92
1780986940000,86,92
1780986950000,85,93
1780986960000,81,88
1780986970000,80,88
1780986980000,84,93
1780986990000,78,91
1780987000000,86,94
1780987010000,79,84
1780987020000,80,89
1780987030000,87,95
1780987040000,89,99
1780987050000,89,96
1780987060000,81,88
1780987070000,83,93
1780987080000,89,100
1780987090000,85,91
1780987100000,83,91
1780987110000,78,85
1780987120000,88,101
1780987130000,87,96
1780987140000,84,94
1780987150000,76,81
1780987160000,88,93
1780987170000,81,93
1780987180000,82,93
1780987190000,75,82
1780987200000,86,99
1780987210000,74,87
1780987220000,87,94
1780987230000,82,95
1780987240000,80,90
1780987250000,79,93
1780987260000,85,94
1780987270000,80,85
1780987280000,75,80
1780987290000,81,92
1780987300000,85,97
1780987310000,84,92
1780987320000,74,84
1780987330000,83,95
1780987340000,81,94
1780987350000,77,89
1780987360000,87,101
1780987370000,75,84
1780987380000,87,92
1780987390000,78,87
1780987400000,80,92
1780987410000,82,92
1780987420000,79,92
1780987430000,83,94
1780987440000,82,93
1780987450000,85,94
1780987460000,73,84
1780987470000,81,92
1780987480000,83,92
1780987490000,82,87
1780987500000,82,89
1780987510000,79,87
1780987520000,85,92
1780987530000,77,88
1780987540000,83,92
1780987550000,80,88
1780987560000,75,80
1780987570000,82,91
1780987580000,87,99
1780987590000,73,85
1780987600000,83,97
1780987610000,86,98
1780987620000,86,93
1780987630000,77,86
1780987640000,84,94
1780987650000,79,93
1780987660000,79,88
1780987670000,82,94
1780987680000,87,92
1780987690000,74,82
1780987700000,77,84
1780987710000,83,94
1780987720000,81,94
1780987730000,86,91
1780987740000,86,93
1780987750000,83,93
1780987760000,75,84
1780987770000,86,91
1780987780000,91,101
1780987790000,80,90
1780987800000,82,87
1780987810000,88,96
1780987820000,81,90
1780987830000,87,98
1780987840000,85,95
1780987850000,74,83
1780987860000,77,90
1780987870000,79,90
1780987880000,79,84
1780987890000,84,94
1780987900000,80,92
1780987910000,82,96
1780987920000,80,90
1780987930000,83,93
1780987940000,82,95
1780987950000,79,88
1780987960000,80,93
1780987970000,77,84
1780987980000,81,90
1780987990000,77,86
1780988000000,76,90
1780988010000,76,82
1780988020000,84,95
1780988030000,88,97
1780988040000,74,80
1780988050000,85,97
1780988060000,76,81
1780988070000,81,94
1780988080000,79,93
1780988090000,79,86
1780988100000,84,89
1780988110000,80,88
1780988120000,82,93
1780988130000,76,84
1780988140000,86,91
1780988150000,77,84
1780988160000,86,98
1780988170000,82,93
1780988180000,87,93
1780988190000,78,92
1780988200000,85,98
1780988210000,79,89
1780988220000,79,85
1780988230000,77,85
1780988240000,83,91
1780988250000,84,94
1780988260000,76,85
1780988270000,83,96
1780988280000,80,94
1780988290000,80,88
1780988300000,82,88
1780988310000,83,89
1780988320000,83,97
1780988330000,87,97
1780988340000,79,85
1780988350000,82,91
1780988360000,84,94
1780988370000,81,89
1780988380000,75,88
1780988390000,75,84
1780988400000,83,88
1780988410000,83,91
1780988420000,74,86
1780988430000,80,91
1780988440000,83,96
1780988450000,78,85
1780988460000,86,91
1780988470000,81,87
1780988480000,80,94
1780988490000,85,96
1780988500000,81,90
1780988510000,81,89
1780988520000,89,100
1780988530000,77,86
1780988540000,82,91
1780988550000,83,91
1780988560000,80,94
1780988570000,84,91
1780988580000,79,85
1780988590000,85,94
1780988600000,84,90
1780988610000,76,82
1780988620000,78,90
1780988630000,82,93
1780988640000,86,100
1780988650000,83,93
1780988660000,85,95
1780988670000,81,91
1780988680000,80,93
1780988690000,81,92
1780988700000,81,92
1780988710000,79,91
1780988720000,85,91
1780988730000,78,92
1780988740000,80,91
1780988750000,80,90
1780988760000,76,81
1780988770000,81,90
1780988780000,80,89
1780988790000,83,97
1780988800000,88,96
1780988810000,82,95
1780988820000,80,92
1780988830000,83,97
1780988840000,82,94
1780988850000,79,86
1780988860000,81,92
1780988870000,86,96
1780988880000,79,86
1780988890000,91,103
1780988900000,83,91
1780988910000,80,92
1780988920000,83,92
1780988930000,86,92
1780988940000,78,89
1780988950000,84,97
1780988960000,86,93
1780988970000,79,92
1780988980000,82,91
1780988990000,85,96
1780989000000,82,88
1780989010000,78,91
1780989020000,77,82
1780989030000,87,95
1780989040000,83,93
1780989050000,81,87
1780989060000,79,93
1780989070000,80,88
1780989080000,82,96
1780989090000,85,94
1780989100000,78,89
1780989110000,87,97
1780989120000,83,95
1780989130000,79,84
1780989140000,84,95
1780989150000,82,87
1780989160000,83,93
1780989170000,91,96
1780989180000,79,86
1780989190000,82,90
1780989200000,77,88
1780989210000,83,90
1780989220000,81,93
1780989230000,81,92
1780989240000,86,97
1780989250000,82,91
1780989260000,83,90
1780989270000,85,95
1780989280000,74,84
1780989290000,89,99
1780989300000,91,97
1780989310000,85,97
1780989320000,75,87
1780989330000,77,83
1780989340000,88,97
1780989350000,81,86
1780989360000,71,77
1780989370000,73,86
1780989380000,81,87
1780989390000,77,82
1780989400000,81,93
1780989410000,81,87
1780989420000,82,89
1780989430000,78,90
1780989440000,87,100
1780989450000,92,106
1780989460000,79,87
1780989470000,83,96
1780989480000,81,89
1780989490000,87,101
1780989500000,79,86
1780989510000,69,74
1780989520000,78,86
1780989530000,79,90
1780989540000,82,88
1780989550000,84,90
1780989560000,84,97
1780989570000,80,93
1780989580000,74,86
1780989590000,84,98
1780989600000,84,95
1780989610000,81,90
1780989620000,82,96
1780989630000,77,85
1780989640000,79,87
1780989650000,73,83
1780989660000,83,96
1780989670000,78,85
1780989680000,73,87
1780989690000,85,97
1780989700000,83,97
1780989710000,87,98
1780989720000,72,85
1780989730000,82,95
1780989740000,80,93
1780989750000,86,93
1780989760000,77,88
1780989770000,81,92
1780989780000,77,85
1780989790000,76,89
1780989800000,76,88
1780989810000,91,97
1780989820000,80,86
1780989830000,78,88
1780989840000,79,88
1780989850000,73,86
1780989860000,86,97
1780989870000,91,104
1780989880000,87,95
1780989890000,77,83
1780989900000,81,95
1780989910000,85,94
1780989920000,85,96
1780989930000,78,89
1780989940000,85,96
1780989950000,80,94
1780989960000,81,95
1780989970000,81,92
1780989980000,86,96
1780989990000,83,96
1780990000000,87,92
1780990010000,79,89
1780990020000,84,96
1780990030000,83,94
1780990040000,88,94
1780990050000,79,90
1780990060000,79,88
1780990070000,87,100
1780990080000,83,91
1780990090000,81,90
1780990100000,76,82
1780990110000,79,93
1780990120000,87,101
1780990130000,80,86
1780990140000,85,93
1780990150000,75,80
1780990160000,81,89
1780990170000,85,93
1780990180000,76,90
1780990190000,82,95
1780990200000,51,57
1780990210000,49,51
1780990220000,55,61
1780990230000,49,52
1780990240000,55,58
1780990250000,54,60
1780990260000,53,57
1780990270000,53,58
1780990280000,57,64
1780990290000,54,61
1780990300000,51,57
1780990310000,51,53
1780990320000,57,60
1780990330000,51,56
1780990340000,54,61
1780990350000,54,61
1780990360000,47,54
1780990370000,51,53
1780990380000,52,57
1780990390000,50,56
1780990400000,57,61
1780990410000,50,56
1780990420000,52,59
1780990430000,48,51
1780990440000,49,54
1780990450000,46,48
1780990460000,51,55
1780990470000,55,57
1780990480000,54,58
1780990490000,49,56
1780990500000,57,64
1780990510000,47,52
1780990520000,54,56
1780990530000,49,54
1780990540000,52,58
1780990550000,52,57
1780990560000,49,51
1780990570000,49,53
1780990580000,52,54
1780990590000,52,59
1780990600000,56,60
1780990610000,58,64
1780990620000,54,57
1780990630000,58,62
1780990640000,46,49
1780990650000,50,57
1780990660000,46,49
1780990670000,52,57
1780990680000,52,57
1780990690000,48,54
1780990700000,49,56
1780990710000,55,62
1780990720000,48,54
1780990730000,51,57
1780990740000,56,61
1780990750000,49,52
1780990760000,52,55
1780990770000,55,58
1780990780000,54,59
1780990790000,52,55
1780990800000,50,54
1780990810000,52,56
1780990820000,54,58
1780990830000,48,53
1780990840000,44,46
1780990850000,51,55
1780990860000,55,62
1780990870000,52,54
1780990880000,43,45
1780990890000,51,55
1780990900000,52,57
1780990910000,50,54
1780990920000,52,56
1780990930000,59,62
1780990940000,53,57
1780990950000,49,51
1780990960000,50,55
1780990970000,59,65
1780990980000,51,54
1780990990000,54,57
1780991000000,51,56
1780991010000,52,58
1780991020000,53,59
1780991030000,54,57
1780991040000,50,55
1780991050000,58,65
1780991060000,52,55
1780991070000,53,58
1780991080000,51,55
1780991090000,53,60
1780991100000,49,51
1780991110000,52,58
1780991120000,54,59
1780991130000,49,55
1780991140000,53,55
1780991150000,49,56
1780991160000,50,54
1780991170000,52,54
1780991180000,49,53
1780991190000,51,57
1780991200000,47,51
1780991210000,50,52
1780991220000,53,58
1780991230000,51,54
1780991240000,52,59
1780991250000,52,54
1780991260000,49,56
1780991270000,57,60
1780991280000,49,56
1780991290000,51,56
1780991300000,55,62
1780991310000,53,59
1780991320000,54,61
1780991330000,51,53
1780991340000,54,60
1780991350000,50,56
1780991360000,50,56
1780991370000,52,56
1780991380000,41,44
1780991390000,54,57
1780991400000,54,59
1780991410000,53,56
1780991420000,55,60
1780991430000,50,57
1780991440000,52,57
1780991450000,50,52
1780991460000,48,54
1780991470000,48,52
1780991480000,55,58
1780991490000,52,57
1780991500000,49,54
1780991510000,44,48
1780991520000,53,56
1780991530000,51,53
1780991540000,51,54
1780991550000,51,57
1780991560000,54,58
1780991570000,56,60
1780991580000,49,52
1780991590000,54,56
1780991600000,46,51
1780991610000,53,55
1780991620000,50,57
1780991630000,49,55
1780991640000,49,54
1780991650000,48,51
1780991660000,53,56
1780991670000,55,61
1780991680000,56,63
1780991690000,56,63
1780991700000,50,55
1780991710000,53,57
1780991720000,53,56
1780991730000,51,56
1780991740000,48,54
1780991750000,54,57
1780991760000,51,57
1780991770000,47,49
1780991780000,56,59
1780991790000,53,58
1780991800000,52,54
1780991810000,49,55
1780991820000,53,60
1780991830000,49,55
1780991840000,53,60
1780991850000,53,57
1780991860000,56,59
1780991870000,59,63
1780991880000,49,56
1780991890000,52,54
1780991900000,56,61
1780991910000,51,55
1780991920000,52,55
1780991930000,52,57
1780991940000,51,54
1780991950000,51,56
1780991960000,51,55
1780991970000,49,55
1780991980000,54,61
1780991990000,53,60
1780992000000,94,110
1780992010000,103,115
1780992020000,87,97
1780992030000,87,103
1780992040000,85,103
1780992050000,86,104
1780992060000,87,105
1780992070000,89,105
1780992080000,102,112
1780992090000,93,112
1780992100000,95,105
1780992110000,105,117
1780992120000,92,106
1780992130000,87,101
1780992140000,87,95
1780992150000,93,109
1780992160000,82,101
1780992170000,90,103
1780992180000,86,99
1780992190000,82,99
1780992200000,97,105
1780992210000,93,108
1780992220000,92,102
1780992230000,94,113
1780992240000,89,100
1780992250000,85,93
1780992260000,97,105
1780992270000,91,108
1780992280000,90,104
1780992290000,87,100
1780992300000,95,105
1780992310000,85,103
1780992320000,99,114
1780992330000,96,108
1780992340000,88,102
1780992350000,93,108
1780992360000,93,110
1780992370000,97,108
1780992380000,105,115
1780992390000,94,106
1780992400000,96,114
1780992410000,101,110
1780992420000,87,100
1780992430000,99,113
1780992440000,94,107
1780992450000,96,104
1780992460000,91,103
1780992470000,99,115
1780992480000,95,110
1780992490000,89,107
1780992500000,90,98
1780992510000,88,99
1780992520000,76,87
1780992530000,97,116
1780992540000,104,120
1780992550000,81,99
1780992560000,97,109
1780992570000,102,116
1780992580000,86,103
1780992590000,95,114
1780992600000,98,116
1780992610000,103,113
1780992620000,89,100
1780992630000,102,113
1780992640000,88,104
1780992650000,96,106
1780992660000,90,98
1780992670000,94,109
1780992680000,95,108
1780992690000,99,111
1780992700000,92,111
1780992710000,87,98
1780992720000,83,92
1780992730000,86,100
1780992740000,98,108
1780992750000,93,112
1780992760000,97,114
1780992770000,92,109
1780992780000,92,111
1780992790000,95,108
1780992800000,91,102
1780992810000,101,110
1780992820000,94,104
1780992830000,99,108
1780992840000,85,100
1780992850000,94,106
1780992860000,86,95
1780992870000,96,112
1780992880000,90,103
1780992890000,95,104
1780992900000,94,110
1780992910000,102,118
1780992920000,87,98
1780992930000,82,92
1780992940000,95,113
1780992950000,106,114
1780992960000,99,115
1780992970000,93,105
1780992980000,96,110
1780992990000,79,94
1780993000000,87,101
1780993010000,105,119
1780993020000,90,103
1780993030000,104,119
1780993040000,89,98
1780993050000,99,110
1780993060000,91,99
1780993070000,101,117
1780993080000,91,106
1780993090000,89,107
1780993100000,82,90
1780993110000,89,107
1780993120000,98,108
1780993130000,97,108
1780993140000,96,104
1780993150000,90,105
1780993160000,105,117
1780993170000,95,108
1780993180000,94,112
1780993190000,90,109
1780993200000,84,103
1780993210000,90,108
1780993220000,104,120
1780993230000,94,110
1780993240000,100,115
1780993250000,82,92
1780993260000,99,107
1780993270000,98,113
1780993280000,94,113
1780993290000,84,96
1780993300000,95,104
1780993310000,96,107
1780993320000,98,113
1780993330000,106,122
1780993340000,100,108
1780993350000,94,109
1780993360000,91,104
1780993370000,98,113
1780993380000,97,113
1780993390000,96,105
1780993400000,90,101
1780993410000,89,106
1780993420000,91,105
1780993430000,103,116
1780993440000,83,91
1780993450000,96,115
1780993460000,93,102
1780993470000,90,109
1780993480000,97,113
1780993490000,93,106
1780993500000,90,102
1780993510000,95,105
1780993520000,102,110
1780993530000,99,107
1780993540000,93,108
1780993550000,99,108
1780993560000,88,96
1780993570000,87,97
1780993580000,90,109
1780993590000,93,112
1780993600000,107,117
1780993610000,102,114
1780993620000,84,95
1780993630000,95,110
1780993640000,82,91
1780993650000,92,101
1780993660000,92,103
1780993670000,98,106
1780993680000,103,120
1780993690000,87,103
1780993700000,92,111
1780993710000,90,109
1780993720000,92,100
1780993730000,97,105
1780993740000,102,111
1780993750000,83,94
1780993760000,86,94
1780993770000,101,116
1780993780000,94,112
1780993790000,94,110
1780993800000,85,100
1780993810000,101,119
1780993820000,92,106
1780993830000,94,106
1780993840000,89,105
1780993850000,101,116
1780993860000,86,103
1780993870000,100,112
1780993880000,98,110
1780993890000,91,102
1780993900000,93,111
1780993910000,91,101
1780993920000,94,109
1780993930000,99,116
1780993940000,107,123
1780993950000,92,103
1780993960000,93,103
1780993970000,94,106
1780993980000,89,104
1780993990000,97,108
1780994000000,95,112
1780994010000,97,106
1780994020000,99,115
1780994030000,82,92
1780994040000,90,107
1780994050000,92,107
1780994060000,93,112
1780994070000,90,107
1780994080000,96,105
1780994090000,80,98
1780994100000,91,100
1780994110000,103,121
1780994120000,101,114
1780994130000,94,112
1780994140000,93,101
1780994150000,87,100
1780994160000,90,102
1780994170000,97,110
1780994180000,93,106
1780994190000,84,98
1780994200000,88,107
1780994210000,95,111
1780994220000,89,106
1780994230000,90,108
1780994240000,94,112
1780994250000,104,115
1780994260000,87,106
1780994270000,98,114
1780994280000,97,107
1780994290000,94,110
1780994300000,84,99
1780994310000,90,104
1780994320000,96,106
1780994330000,99,116
1780994340000,90,99
1780994350000,101,112
1780994360000,99,115
1780994370000,86,96
1780994380000,98,108
1780994390000,97,112
1780994400000,101,117
1780994410000,97,108
1780994420000,98,110
1780994430000,100,111
1780994440000,90,100
1780994450000,105,120
1780994460000,94,104
1780994470000,88,96
1780994480000,85,99
1780994490000,91,102
1780994500000,95,103
1780994510000,95,113
1780994520000,101,119
1780994530000,95,104
1780994540000,88,105
1780994550000,85,93
1780994560000,101,110
1780994570000,93,108
1780994580000,104,119
1780994590000,99,117
1780994600000,93,107
1780994610000,98,108
1780994620000,99,112
1780994630000,95,105
1780994640000,88,104
1780994650000,83,95
1780994660000,104,116
1780994670000,90,100
1780994680000,99,111
1780994690000,84,94
1780994700000,100,114
1780994710000,99,115
1780994720000,93,101
1780994730000,102,115
1780994740000,96,111
1780994750000,87,105
1780994760000,92,101
1780994770000,91,99
1780994780000,86,102
1780994790000,99,109
1780994800000,91,110
1780994810000,92,110
1780994820000,103,121
1780994830000,89,106
1780994840000,90,106
1780994850000,101,113
1780994860000,95,106
1780994870000,92,109
1780994880000,94,104
1780994890000,89,108
1780994900000,93,102
1780994910000,89,107
1780994920000,91,107
1780994930000,98,117
1780994940000,91,106
1780994950000,92,101
1780994960000,93,109
1780994970000,94,112
1780994980000,99,108
1780994990000,88,99
1780995000000,101,112
1780995010000,100,118
1780995020000,96,110
1780995030000,95,104
1780995040000,92,101
1780995050000,98,110
1780995060000,91,110
1780995070000,95,105
1780995080000,79,95
1780995090000,81,92
1780995100000,91,102
1780995110000,94,112
1780995120000,97,116
1780995130000,87,96
1780995140000,100,118
1780995150000,101,118
1780995160000,90,103
1780995170000,88,96
1780995180000,97,109
1780995190000,96,110
1780995200000,86,102
1780995210000,93,106
1780995220000,94,108
1780995230000,84,97
1780995240000,96,104
1780995250000,98,115
1780995260000,94,113
1780995270000,83,92
1780995280000,84,100
1780995290000,99,110
1780995300000,88,96
1780995310000,103,112
1780995320000,94,111
1780995330000,93,111
1780995340000,92,102
1780995350000,93,112
1780995360000,90,100
1780995370000,92,100
1780995380000,85,101
1780995390000,101,115
1780995400000,98,113
1780995410000,92,111
1780995420000,90,98
1780995430000,93,106
1780995440000,92,103
1780995450000,90,104
1780995460000,94,112
1780995470000,93,105
1780995480000,96,109
1780995490000,99,115
1780995500000,91,105
1780995510000,89,106
1780995520000,84,100
1780995530000,95,104
1780995540000,93,107
1780995550000,94,107
1780995560000,98,111
1780995570000,99,117
1780995580000,96,108
1780995590000,98,115
1780995600000,95,103
1780995610000,97,111
1780995620000,89,101
1780995630000,94,112
1780995640000,99,107
1780995650000,94,111
1780995660000,102,112
1780995670000,95,108
1780995680000,93,107
1780995690000,93,103
1780995700000,101,113
1780995710000,95,103
1780995720000,99,117
1780995730000,89,108
1780995740000,84,97
1780995750000,86,98
1780995760000,109,123
1780995770000,101,109
1780995780000,95,105
1780995790000,97,110
1780995800000,107,115
1780995810000,87,106
1780995820000,98,107
1780995830000,92,104
1780995840000,98,110
1780995850000,95,114
1780995860000,91,108
1780995870000,96,114
1780995880000,79,93
1780995890000,98,111
1780995900000,90,104
1780995910000,90,102
1780995920000,87,97
1780995930000,100,115
1780995940000,96,112
1780995950000,96,106
1780995960000,98,110
1780995970000,91,102
1780995980000,103,112
1780995990000,89,103
1780996000000,86,101
1780996010000,93,110
1780996020000,79,93
1780996030000,92,103
1780996040000,102,115
1780996050000,88,107
1780996060000,98,112
1780996070000,90,102
1780996080000,95,108
1780996090000,87,106
1780996100000,94,110
1780996110000,92,110
1780996120000,89,106
1780996130000,95,103
1780996140000,95,106
1780996150000,101,115
1780996160000,96,113
1780996170000,88,100
1780996180000,100,116
1780996190000,83,99
1780996200000,97,107
1780996210000,93,111
1780996220000,100,113
1780996230000,81,97
1780996240000,102,115
1780996250000,94,108
1780996260000,97,116
1780996270000,98,109
1780996280000,98,114
1780996290000,104,118
1780996300000,102,114
1780996310000,91,104
1780996320000,100,108
1780996330000,94,112
1780996340000,89,101
1780996350000,76,86
1780996360000,89,102
1780996370000,100,110
1780996380000,88,103
1780996390000,94,109
1780996400000,88,98
1780996410000,104,117
1780996420000,83,98
1780996430000,91,109
1780996440000,84,95
1780996450000,93,105
1780996460000,83,94
1780996470000,89,108
1780996480000,88,104
1780996490000,97,114
1780996500000,101,116
1780996510000,86,99
1780996520000,87,100
1780996530000,85,102
1780996540000,99,111
1780996550000,95,103
1780996560000,90,101
1780996570000,93,104
1780996580000,89,100
1780996590000,94,105
1780996600000,93,103
1780996610000,96,105
1780996620000,89,106
1780996630000,86,102
1780996640000,102,114
1780996650000,95,103
1780996660000,90,101
1780996670000,88,99
1780996680000,101,111
1780996690000,102,119
1780996700000,89,104
1780996710000,95,111
1780996720000,98,107
1780996730000,89,104
1780996740000,102,114
1780996750000,100,110
1780996760000,104,115
1780996770000,93,110
1780996780000,81,98
1780996790000,93,103
1780996800000,98,112
1780996810000,108,120
1780996820000,84,92
1780996830000,104,114
1780996840000,87,98
1780996850000,94,102
1780996860000,91,108
1780996870000,100,118
1780996880000,92,106
1780996890000,82,101
1780996900000,93,101
1780996910000,96,115
1780996920000,92,103
1780996930000,90,105
1780996940000,98,117
1780996950000,103,111
1780996960000,90,108
1780996970000,97,108
1780996980000,94,105
1780996990000,93,103
1780997000000,93,110
1780997010000,90,109
1780997020000,99,111
1780997030000,87,101
1780997040000,94,104
1780997050000,95,106
1780997060000,88,98
1780997070000,88,107
1780997080000,92,100
1780997090000,90,109
1780997100000,106,122
1780997110000,83,96
1780997120000,91,100
1780997130000,89,107
1780997140000,91,109
1780997150000,90,100
1780997160000,96,109
1780997170000,85,101
1780997180000,93,104
1780997190000,86,95
1780997200000,96,110
1780997210000,98,111
1780997220000,86,94
1780997230000,107,117
1780997240000,92,103
1780997250000,102,119
1780997260000,97,114
1780997270000,98,115
1780997280000,84,102
1780997290000,94,112
1780997300000,97,113
1780997310000,88,98
1780997320000,84,93
1780997330000,104,123
1780997340000,101,114
1780997350000,97,108
1780997360000,91,105
1780997370000,89,101
1780997380000,98,115
1780997390000,91,99
1780997400000,87,104
1780997410000,90,101
1780997420000,91,108
1780997430000,92,107
1780997440000,79,90
1780997450000,99,109
1780997460000,88,103
1780997470000,98,113
1780997480000,84,98
1780997490000,94,109
1780997500000,84,101
1780997510000,94,110
1780997520000,92,106
1780997530000,89,104
1780997540000,94,106
1780997550000,87,102
1780997560000,89,100
1780997570000,96,107
1780997580000,89,100
1780997590000,85,96
1780997600000,88,100
1780997610000,96,112
1780997620000,93,112
1780997630000,93,101
1780997640000,84,96
1780997650000,91,102
1780997660000,91,102
1780997670000,84,99
1780997680000,91,110
1780997690000,97,111
1780997700000,85,103
1780997710000,100,117
1780997720000,90,107
1780997730000,94,112
1780997740000,89,106
1780997750000,90,106
1780997760000,88,96
1780997770000,112,122
1780997780000,90,109
1780997790000,92,106
1780997800000,95,106
1780997810000,87,96
1780997820000,97,112
1780997830000,91,105
1780997840000,88,102
1780997850000,92,104
1780997860000,96,110
1780997870000,77,94
1780997880000,91,99
1780997890000,98,108
1780997900000,101,120
1780997910000,93,107
1780997920000,92,110
1780997930000,96,111
1780997940000,84,95
1780997950000,87,104
1780997960000,94,102
1780997970000,108,118
1780997980000,89,102
1780997990000,99,112
1780998000000,96,113
1780998010000,100,112
1780998020000,92,101
1780998030000,111,129
1780998040000,94,110
1780998050000,95,103
1780998060000,96,110
1780998070000,94,112
1780998080000,96,114
1780998090000,89,108
1780998100000,92,107
1780998110000,95,106
1780998120000,90,106
1780998130000,101,118
1780998140000,83,98
1780998150000,90,107
1780998160000,93,103
1780998170000,91,104
1780998180000,94,112
1780998190000,96,108
1780998200000,87,99
1780998210000,93,105
1780998220000,94,113
1780998230000,92,100
1780998240000,95,108
1780998250000,86,101
1780998260000,92,106
1780998270000,105,120
1780998280000,91,105
1780998290000,99,107
1780998300000,86,95
1780998310000,94,106
1780998320000,97,112
1780998330000,88,96
1780998340000,87,98
1780998350000,92,104
1780998360000,84,101
1780998370000,102,112
1780998380000,91,110
1780998390000,100,110
1780998400000,93,104
1780998410000,92,109
1780998420000,84,99
1780998430000,96,105
1780998440000,93,109
1780998450000,96,113
1780998460000,89,102
1780998470000,97,110
1780998480000,97,106
1780998490000,95,103
1780998500000,87,102
1780998510000,107,117
1780998520000,90,107
1780998530000,94,110
1780998540000,90,103
1780998550000,90,101
1780998560000,93,111
1780998570000,96,107
1780998580000,91,101
1780998590000,84,101
1780998600000,93,110
1780998610000,93,106
1780998620000,98,110
1780998630000,89,100
1780998640000,94,108
1780998650000,81,93
1780998660000,100,108
1780998670000,97,108
1780998680000,103,114
1780998690000,82,98
1780998700000,88,102
1780998710000,88,103
1780998720000,86,103
1780998730000,86,104
1780998740000,86,98
1780998750000,94,112
1780998760000,84,94
1780998770000,93,101
1780998780000,94,104
1780998790000,86,97
1780998800000,98,112
1780998810000,91,104
1780998820000,85,95
1780998830000,97,112
1780998840000,86,105
1780998850000,95,114
1780998860000,90,98
1780998870000,93,102
1780998880000,84,93
1780998890000,102,121
1780998900000,98,112
1780998910000,91,100
1780998920000,99,111
1780998930000,99,114
1780998940000,97,110
1780998950000,94,110
1780998960000,92,102
1780998970000,95,111
1780998980000,90,108
1780998990000,94,107
1780999000000,96,109
1780999010000,88,103
1780999020000,100,114
1780999030000,99,109
1780999040000,93,103
1780999050000,99,110
1780999060000,94,111
1780999070000,79,87
1780999080000,99,115
1780999090000,89,108
1780999100000,106,115
1780999110000,90,101
1780999120000,97,112
1780999130000,98,110
1780999140000,92,110
1780999150000,96,108
1780999160000,96,105
1780999170000,87,98
1780999180000,95,105
1780999190000,99,109
1780999200000,59,69
1780999210000,62,73
1780999220000,63,71
1780999230000,62,67
1780999240000,63,71
1780999250000,60,69
1780999260000,64,72
1780999270000,60,70
1780999280000,58,69
1780999290000,64,72
1780999300000,63,71
1780999310000,64,71
1780999320000,56,64
1780999330000,74,82
1780999340000,64,72
1780999350000,68,77
1780999360000,66,71
1780999370000,66,74
1780999380000,67,74
1780999390000,59,70
1780999400000,62,71
1780999410000,65,76
1780999420000,63,70
1780999430000,62,71
1780999440000,67,77
1780999450000,65,74
1780999460000,68,79
1780999470000,61,68
1780999480000,65,75
1780999490000,63,68
1780999500000,63,69
1780999510000,65,73
1780999520000,61,72
1780999530000,58,68
1780999540000,55,61
1780999550000,66,76
1780999560000,60,65
1780999570000,64,69
1780999580000,61,71
1780999590000,61,66
1780999600000,62,73
1780999610000,61,68
1780999620000,62,69
1780999630000,57,64
1780999640000,60,65
1780999650000,60,67
1780999660000,62,70
1780999670000,62,72
1780999680000,56,62
1780999690000,57,64
1780999700000,64,70
1780999710000,59,66
1780999720000,65,71
1780999730000,56,61
1780999740000,66,71
1780999750000,58,68
1780999760000,60,67
1780999770000,62,68
1780999780000,56,66
1780999790000,65,73
1780999800000,58,68
1780999810000,59,65
1780999820000,61,67
1780999830000,58,64
1780999840000,62,67
1780999850000,62,70
1780999860000,58,63
1780999870000,57,63
1780999880000,60,67
1780999890000,59,70
1780999900000,60,67
1780999910000,63,70
1780999920000,66,71
1780999930000,57,67
1780999940000,71,78
1780999950000,59,67
1780999960000,61,69
1780999970000,66,74
1780999980000,58,64
1780999990000,64,73
1781000000000,67,77
1781000010000,57,65
1781000020000,59,70
1781000030000,62,67
1781000040000,61,71
1781000050000,55,63
1781000060000,54,61
1781000070000,58,63
1781000080000,67,76
1781000090000,64,71
1781000100000,57,68
1781000110000,61,70
1781000120000,60,67
1781000130000,61,72
1781000140000,58,69
1781000150000,65,74
1781000160000,64,71
1781000170000,60,69
1781000180000,64,71
1781000190000,60,66
1781000200000,52,57
1781000210000,63,68
1781000220000,59,67
1781000230000,56,67
1781000240000,69,76
1781000250000,57,67
1781000260000,57,67
1781000270000,58,67
1781000280000,67,75
1781000290000,65,71
1781000300000,59,65
1781000310000,63,74
1781000320000,63,74
1781000330000,67,77
1781000340000,64,75
1781000350000,63,74
1781000360000,60,68
1781000370000,65,74
1781000380000,56,64
1781000390000,60,68
1781000400000,62,70
1781000410000,56,63
1781000420000,62,68
1781000430000,51,58
1781000440000,60,71
1781000450000,57,68
1781000460000,70,80
1781000470000,67,73
1781000480000,58,65
1781000490000,62,68
1781000500000,59,69
1781000510000,59,66
1781000520000,68,78
1781000530000,56,66
1781000540000,60,67
1781000550000,63,70
1781000560000,59,66
1781000570000,63,68
1781000580000,64,71
1781000590000,64,72
1781000600000,68,75
1781000610000,58,67
1781000620000,58,63
1781000630000,59,67
1781000640000,62,69
1781000650000,69,75
1781000660000,59,66
1781000670000,63,69
1781000680000,63,69
1781000690000,64,72
1781000700000,64,72
1781000710000,61,71
1781000720000,64,75
1781000730000,62,73
1781000740000,62,73
1781000750000,64,73
1781000760000,65,72
1781000770000,69,77
1781000780000,60,67
1781000790000,63,68
1781000800000,66,73
1781000810000,61,67
1781000820000,57,68
1781000830000,58,65
1781000840000,63,71
1781000850000,60,68
1781000860000,63,74
1781000870000,66,71
1781000880000,61,68
1781000890000,63,70
1781000900000,59,66
1781000910000,59,70
1781000920000,55,65
1781000930000,58,64
1781000940000,72,82
1781000950000,63,71
1781000960000,60,68
1781000970000,61,71
1781000980000,62,72
1781000990000,57,67
1781001000000,58,64
1781001010000,69,75
1781001020000,68,73
1781001030000,58,65
1781001040000,61,72
1781001050000,72,80
1781001060000,65,76
1781001070000,63,71
1781001080000,60,70
1781001090000,57,65
1781001100000,62,73
1781001110000,60,70
1781001120000,64,73
1781001130000,60,69
1781001140000,68,78
1781001150000,58,67
1781001160000,63,72
1781001170000,61,71
1781001180000,59,70
1781001190000,57,64
1781001200000,65,75
1781001210000,61,70
1781001220000,64,73
1781001230000,64,69
1781001240000,66,73
1781001250000,60,67
1781001260000,66,72
1781001270000,57,65
1781001280000,66,73
1781001290000,65,73
1781001300000,57,64
1781001310000,59,67
1781001320000,64,72
1781001330000,63,74
1781001340000,68,76
1781001350000,59,64
1781001360000,64,72
1781001370000,62,69
1781001380000,62,68
1781001390000,58,63
1781001400000,67,77
1781001410000,63,72
1781001420000,64,69
1781001430000,61,69
1781001440000,63,69
1781001450000,55,60
1781001460000,62,70
1781001470000,66,76
1781001480000,61,68
1781001490000,66,76
1781001500000,65,73
1781001510000,67,78
1781001520000,58,64
1781001530000,64,72
1781001540000,62,68
1781001550000,65,70
1781001560000,65,70
1781001570000,59,65
1781001580000,60,70
1781001590000,66,72
1781001600000,57,62
1781001610000,63,68
1781001620000,68,79
1781001630000,59,68
1781001640000,57,63
1781001650000,60,69
1781001660000,58,66
1781001670000,64,72
1781001680000,62,69
1781001690000,69,78
1781001700000,66,75
1781001710000,59,65
1781001720000,68,76
1781001730000,64,72
1781001740000,61,69
1781001750000,64,71
1781001760000,59,64
1781001770000,52,61
1781001780000,65,71
1781001790000,59,67
1781001800000,48,59
1781001810000,58,65
1781001820000,65,72
1781001830000,51,60
1781001840000,64,70
1781001850000,64,70
1781001860000,66,71
1781001870000,64,73
1781001880000,56,62
1781001890000,63,72
1781001900000,57,67
1781001910000,57,62
1781001920000,69,76
1781001930000,65,71
1781001940000,58,67
1781001950000,67,75
1781001960000,56,61
1781001970000,59,66
1781001980000,55,64
1781001990000,55,61
1781002000000,63,74
1781002010000,63,72
1781002020000,66,72
1781002030000,58,63
1781002040000,61,68
1781002050000,67,72
1781002060000,57,65
1781002070000,66,77
1781002080000,60,69
1781002090000,59,66
1781002100000,60,69
1781002110000,63,74
1781002120000,57,65
1781002130000,60,69
1781002140000,61,72
1781002150000,64,74
1781002160000,65,73
1781002170000,61,66
1781002180000,63,69
1781002190000,69,79
1781002200000,62,68
1781002210000,61,68
1781002220000,65,72
1781002230000,67,77
1781002240000,62,70
1781002250000,66,72
1781002260000,66,74
1781002270000,64,73
1781002280000,66,77
1781002290000,55,64
1781002300000,60,68
1781002310000,56,61
1781002320000,60,68
1781002330000,61,71
1781002340000,61,67
1781002350000,63,69
1781002360000,61,68
1781002370000,59,67
1781002380000,64,74
1781002390000,58,66
1781002400000,61,66
1781002410000,58,64
1781002420000,62,69
1781002430000,68,74
1781002440000,68,76
1781002450000,66,73
1781002460000,62,69
1781002470000,68,76
1781002480000,64,74
1781002490000,69,79
1781002500000,72,82
1781002510000,62,73
1781002520000,62,67
1781002530000,68,77
1781002540000,66,75
1781002550000,62,69
1781002560000,56,64
1781002570000,66,77
1781002580000,73,80
1781002590000,67,72
1781002600000,60,66
1781002610000,57,68
1781002620000,61,67
1781002630000,65,71
1781002640000,60,67
1781002650000,60,71
1781002660000,64,74
1781002670000,64,74
1781002680000,66,75
1781002690000,57,64
1781002700000,63,72
1781002710000,61,70
1781002720000,59,68
1781002730000,62,70
1781002740000,64,70
1781002750000,58,68
1781002760000,62,70
1781002770000,60,68
1781002780000,63,69
1781002790000,58,65
1781002800000,101,111
1781002810000,107,125
1781002820000,96,106
1781002830000,95,110
1781002840000,101,112
1781002850000,92,106
1781002860000,100,121
1781002870000,95,110
1781002880000,98,111
1781002890000,110,127
1781002900000,96,110
1781002910000,93,114
1781002920000,104,121
1781002930000,99,120
1781002940000,93,106
1781002950000,94,111
1781002960000,96,108
1781002970000,100,121
1781002980000,105,125
1781002990000,90,110
1781003000000,95,107
1781003010000,95,115
1781003020000,93,104
1781003030000,95,115
1781003040000,96,111
1781003050000,104,116
1781003060000,92,106
1781003070000,93,113
1781003080000,93,113
1781003090000,93,104
1781003100000,101,120
1781003110000,95,113
1781003120000,96,117
1781003130000,95,111
1781003140000,86,97
1781003150000,106,119
1781003160000,96,117
1781003170000,102,112
1781003180000,94,115
1781003190000,105,121
1781003200000,95,116
1781003210000,104,122
1781003220000,95,116
1781003230000,95,109
1781003240000,95,108
1781003250000,106,122
1781003260000,103,120
1781003270000,98,118
1781003280000,100,114
1781003290000,102,116
1781003300000,99,116
1781003310000,100,121
1781003320000,89,101
1781003330000,102,118
1781003340000,95,107
1781003350000,98,109
1781003360000,87,106
1781003370000,102,122
1781003380000,92,113
1781003390000,95,108
1781003400000,101,117
1781003410000,99,118
1781003420000,99,109
1781003430000,104,124
1781003440000,95,116
1781003450000,93,109
1781003460000,97,108
1781003470000,103,123
1781003480000,98,114
1781003490000,98,111
1781003500000,105,122
1781003510000,95,111
1781003520000,93,108
1781003530000,90,104
1781003540000,95,112
1781003550000,95,107
1781003560000,108,129
1781003570000,101,117
1781003580000,87,100
1781003590000,98,117
1781003600000,103,114
1781003610000,94,111
1781003620000,106,124
1781003630000,98,109
1781003640000,92,103
1781003650000,94,107
1781003660000,105,119
1781003670000,93,111
1781003680000,95,105
1781003690000,84,95
1781003700000,91,105
1781003710000,91,112
1781003720000,89,109
1781003730000,94,110
1781003740000,89,102
1781003750000,101,120
1781003760000,89,100
1781003770000,101,116
1781003780000,102,114
1781003790000,103,121
1781003800000,93,107
1781003810000,94,104
1781003820000,93,104
1781003830000,103,115
1781003840000,91,104
1781003850000,101,111
1781003860000,95,113
1781003870000,101,114
1781003880000,98,116
1781003890000,97,108
1781003900000,97,112
1781003910000,97,118
1781003920000,100,115
1781003930000,97,114
1781003940000,92,109
1781003950000,92,112
1781003960000,88,101
1781003970000,88,100
1781003980000,101,115
1781003990000,95,109
1781004000000,100,113
1781004010000,88,108
1781004020000,99,119
1781004030000,103,114
1781004040000,96,116
1781004050000,101,114
1781004060000,91,105
1781004070000,95,114
1781004080000,93,109
1781004090000,99,109
1781004100000,96,108
1781004110000,93,107
1781004120000,88,107
1781004130000,101,117
1781004140000,95,111
1781004150000,100,112
1781004160000,102,114
1781004170000,94,106
1781004180000,96,111
1781004190000,97,115
1781004200000,101,112
1781004210000,106,118
1781004220000,96,117
1781004230000,93,103
1781004240000,97,115
1781004250000,96,108
1781004260000,95,105
1781004270000,98,108
1781004280000,99,114
1781004290000,100,113
1781004300000,95,114
1781004310000,94,105
1781004320000,99,109
1781004330000,97,116
1781004340000,101,119
1781004350000,106,118
1781004360000,98,116
1781004370000,101,115
1781004380000,97,111
1781004390000,104,119
1781004400000,97,110
1781004410000,99,109
1781004420000,93,109
1781004430000,101,122
1781004440000,99,114
1781004450000,99,113
1781004460000,96,113
1781004470000,102,119
1781004480000,96,106
1781004490000,96,108
1781004500000,100,110
1781004510000,99,113
1781004520000,98,116
1781004530000,102,115
1781004540000,96,107
1781004550000,99,110
1781004560000,94,114
1781004570000,91,106
1781004580000,92,113
1781004590000,94,112
1781004600000,94,115
1781004610000,105,121
1781004620000,105,120
1781004630000,102,117
1781004640000,88,98
1781004650000,96,114
1781004660000,103,116
1781004670000,97,107
1781004680000,105,123
1781004690000,107,119
1781004700000,98,109
1781004710000,104,115
1781004720000,92,111
1781004730000,97,109
1781004740000,101,121
1781004750000,96,115
1781004760000,105,121
1781004770000,97,109
1781004780000,94,109
1781004790000,105,120
1781004800000,98,108
1781004810000,105,123
1781004820000,96,106
1781004830000,101,114
1781004840000,96,110
1781004850000,100,113
1781004860000,93,111
1781004870000,96,111
1781004880000,95,110
1781004890000,93,108
1781004900000,103,124
1781004910000,94,113
1781004920000,95,114
1781004930000,94,108
1781004940000,99,113
1781004950000,99,118
1781004960000,100,112
1781004970000,100,114
1781004980000,92,102
1781004990000,100,113
1781005000000,92,102
1781005010000,95,114
1781005020000,90,106
1781005030000,102,119
1781005040000,101,116
1781005050000,106,121
1781005060000,98,110
1781005070000,102,114
1781005080000,89,105
1781005090000,102,115
1781005100000,99,112
1781005110000,98,117
1781005120000,102,114
1781005130000,99,112
1781005140000,92,102
1781005150000,95,109
1781005160000,99,117
1781005170000,103,120
1781005180000,96,110
1781005190000,101,122
1781005200000,103,121
1781005210000,104,117
1781005220000,103,114
1781005230000,93,107
1781005240000,99,120
1781005250000,100,117
1781005260000,99,109
1781005270000,102,120
1781005280000,101,113
1781005290000,98,116
1781005300000,99,119
1781005310000,105,125
1781005320000,109,128
1781005330000,99,111
1781005340000,100,112
1781005350000,96,107
1781005360000,92,109
1781005370000,90,101
1781005380000,92,103
1781005390000,95,114
1781005400000,103,123
1781005410000,100,113
1781005420000,103,120
1781005430000,105,119
1781005440000,92,112
1781005450000,98,112
1781005460000,103,124
1781005470000,95,114
1781005480000,96,111
1781005490000,97,109
1781005500000,103,116
1781005510000,99,117
1781005520000,91,106
1781005530000,92,113
1781005540000,99,109
1781005550000,103,124
1781005560000,95,112
1781005570000,105,125
1781005580000,104,114
1781005590000,107,126
1781005600000,97,113
1781005610000,103,118
1781005620000,91,101
1781005630000,97,115
1781005640000,95,113
1781005650000,93,107
1781005660000,98,117
1781005670000,96,108
1781005680000,98,113
1781005690000,97,116
1781005700000,93,109
1781005710000,92,113
1781005720000,95,107
1781005730000,102,117
1781005740000,100,113
1781005750000,88,99
1781005760000,101,122
1781005770000,101,115
1781005780000,99,111
1781005790000,95,106
1781005800000,108,122
1781005810000,101,118
1781005820000,101,116
1781005830000,96,106
1781005840000,104,121
1781005850000,99,115
1781005860000,91,104
1781005870000,85,98
1781005880000,92,108
1781005890000,93,108
1781005900000,90,100
1781005910000,92,104
1781005920000,101,120
1781005930000,98,114
1781005940000,97,107
1781005950000,99,120
1781005960000,99,113
1781005970000,97,111
1781005980000,94,107
1781005990000,97,108
1781006000000,104,123
1781006010000,96,111
1781006020000,93,109
1781006030000,97,108
1781006040000,94,113
1781006050000,106,127
1781006060000,88,104
1781006070000,102,115
1781006080000,89,103
1781006090000,104,125
1781006100000,97,111
1781006110000,88,98
1781006120000,108,123
1781006130000,104,123
1781006140000,98,119
1781006150000,98,114
1781006160000,95,116
1781006170000,104,119
1781006180000,103,119
1781006190000,102,118
1781006200000,101,117
1781006210000,93,113
1781006220000,93,106
1781006230000,99,109
1781006240000,88,105
1781006250000,94,114
1781006260000,102,112
1781006270000,92,110
1781006280000,96,114
1781006290000,95,116
1781006300000,102,123
1781006310000,96,109
1781006320000,105,122
1781006330000,97,110
1781006340000,107,126
1781006350000,103,118
1781006360000,110,122
1781006370000,97,108
1781006380000,101,116
1781006390000,94,110
1781006400000,97,109
1781006410000,102,112
1781006420000,104,114
1781006430000,94,107
1781006440000,92,111
1781006450000,105,124
1781006460000,92,112
1781006470000,96,115
1781006480000,107,126
1781006490000,95,113
1781006500000,100,119
1781006510000,103,121
1781006520000,97,109
1781006530000,98,116
1781006540000,102,123
1781006550000,95,106
1781006560000,92,110
1781006570000,99,120
1781006580000,101,122
1781006590000,98,119
1781006600000,94,113
1781006610000,96,111
1781006620000,94,115
1781006630000,105,116
1781006640000,99,112
1781006650000,94,104
1781006660000,100,117
1781006670000,106,127
1781006680000,97,112
1781006690000,98,114
1781006700000,107,124
1781006710000,95,108
1781006720000,101,119
1781006730000,99,117
1781006740000,98,115
1781006750000,103,124
1781006760000,101,116
1781006770000,98,117
1781006780000,94,108
1781006790000,106,127
1781006800000,94,106
1781006810000,104,116
1781006820000,102,115
1781006830000,104,115
1781006840000,100,121
1781006850000,98,110
1781006860000,92,112
1781006870000,93,104
1781006880000,101,120
1781006890000,99,110
1781006900000,94,106
1781006910000,105,121
1781006920000,108,124
1781006930000,100,120
1781006940000,98,116
1781006950000,97,113
1781006960000,99,114
1781006970000,94,109
1781006980000,87,107
1781006990000,85,97
1781007000000,100,110
1781007010000,94,104
1781007020000,95,105
1781007030000,97,115
1781007040000,106,122
1781007050000,102,121
1781007060000,91,110
1781007070000,100,118
1781007080000,104,118
1781007090000,91,102
1781007100000,107,123
1781007110000,103,116
1781007120000,90,107
1781007130000,99,119
1781007140000,94,111
1781007150000,99,112
1781007160000,99,112
1781007170000,85,102
1781007180000,102,123
1781007190000,100,117
1781007200000,101,111
1781007210000,99,110
1781007220000,101,122
1781007230000,101,119
1781007240000,105,126
1781007250000,97,110
1781007260000,94,108
1781007270000,94,111
1781007280000,99,111
1781007290000,98,109
1781007300000,90,111
1781007310000,106,117
1781007320000,105,121
1781007330000,94,108
1781007340000,100,118
1781007350000,91,106
1781007360000,97,112
1781007370000,93,107
1781007380000,100,112
1781007390000,85,95
1781007400000,97,110
1781007410000,105,122
1781007420000,92,103
1781007430000,103,124
1781007440000,97,116
1781007450000,103,113
1781007460000,91,108
1781007470000,104,122
1781007480000,96,107
1781007490000,104,114
1781007500000,90,110
1781007510000,100,110
1781007520000,93,107
1781007530000,96,111
1781007540000,97,117
1781007550000,94,108
1781007560000,97,116
1781007570000,99,116
1781007580000,98,117
1781007590000,99,115
1781007600000,102,113
1781007610000,92,102
1781007620000,92,112
1781007630000,95,109
1781007640000,101,114
1781007650000,109,130
1781007660000,101,114
1781007670000,94,104
1781007680000,97,117
1781007690000,93,108
1781007700000,93,108
1781007710000,98,114
1781007720000,91,110
1781007730000,98,111
1781007740000,101,119
1781007750000,96,113
1781007760000,104,115
1781007770000,95,107
1781007780000,92,113
1781007790000,100,116
1781007800000,95,105
1781007810000,104,122
1781007820000,95,111
1781007830000,108,122
1781007840000,104,121
1781007850000,97,113
1781007860000,102,116
1781007870000,97,112
1781007880000,94,112
1781007890000,97,110
1781007900000,88,103
1781007910000,109,124
1781007920000,106,117
1781007930000,90,104
1781007940000,99,115
1781007950000,102,118
1781007960000,97,113
1781007970000,102,122
1781007980000,98,110
1781007990000,100,120
1781008000000,94,105
1781008010000,105,117
1781008020000,94,110
1781008030000,96,114
1781008040000,90,110
1781008050000,93,113
1781008060000,92,109
1781008070000,102,122
1781008080000,99,117
1781008090000,100,120
1781008100000,95,113
1781008110000,103,114
1781008120000,96,112
1781008130000,102,120
1781008140000,96,106
1781008150000,97,110
1781008160000,88,106
1781008170000,100,116
1781008180000,92,112
1781008190000,99,120
1781008200000,98,112
1781008210000,101,121
1781008220000,108,118
1781008230000,104,124
1781008240000,96,109
1781008250000,101,122
1781008260000,94,115
1781008270000,101,119
1781008280000,96,112
1781008290000,90,109
1781008300000,99,115
1781008310000,97,109
1781008320000,105,118
1781008330000,97,116
1781008340000,104,121
1781008350000,101,119
1781008360000,90,107
1781008370000,106,126
1781008380000,98,116
1781008390000,97,116
1781008400000,96,106
1781008410000,103,117
1781008420000,96,112
1781008430000,98,111
1781008440000,95,107
1781008450000,108,124
1781008460000,91,112
1781008470000,103,123
1781008480000,93,112
1781008490000,107,127
1781008500000,107,128
1781008510000,97,107
1781008520000,100,116
1781008530000,89,103
1781008540000,93,104
1781008550000,100,120
1781008560000,93,113
1781008570000,104,124
1781008580000,102,115
1781008590000,98,108
1781008600000,95,116
1781008610000,82,99
1781008620000,100,120
1781008630000,86,103
1781008640000,91,108
1781008650000,99,109
1781008660000,97,108
1781008670000,91,104
1781008680000,95,105
1781008690000,103,120
1781008700000,100,116
1781008710000,95,113
1781008720000,101,115
1781008730000,95,109
1781008740000,99,115
1781008750000,95,108
1781008760000,96,111
1781008770000,93,109
1781008780000,100,114
1781008790000,97,114
1781008800000,101,119
1781008810000,95,111
1781008820000,90,108
1781008830000,100,121
1781008840000,89,110
1781008850000,98,109
1781008860000,99,111
1781008870000,100,112
1781008880000,103,116
1781008890000,88,100
1781008900000,93,107
1781008910000,89,110
1781008920000,101,115
1781008930000,104,118
1781008940000,93,112
1781008950000,97,109
1781008960000,95,111
1781008970000,87,101
1781008980000,102,114
1781008990000,99,112
1781009000000,99,120
1781009010000,89,101
1781009020000,97,114
1781009030000,101,122
1781009040000,91,112
1781009050000,102,123
1781009060000,90,102
1781009070000,99,117
1781009080000,97,116
1781009090000,100,116
1781009100000,89,99
1781009110000,110,130
1781009120000,102,122
1781009130000,104,116
1781009140000,101,114
1781009150000,96,107
1781009160000,105,115
1781009170000,98,118
1781009180000,98,115
1781009190000,97,116
1781009200000,94,108
1781009210000,105,122
1781009220000,99,109
1781009230000,97,107
1781009240000,102,120
1781009250000,97,115
1781009260000,98,108
1781009270000,95,112
1781009280000,100,110
1781009290000,101,113
1781009300000,99,115
1781009310000,96,116
1781009320000,92,106
1781009330000,104,116
1781009340000,98,108
1781009350000,97,116
1781009360000,90,110
1781009370000,93,112
1781009380000,97,112
1781009390000,89,108
1781009400000,103,119
1781009410000,98,115
1781009420000,100,118
1781009430000,95,115
1781009440000,100,114
1781009450000,97,112
1781009460000,89,108
1781009470000,101,116
1781009480000,96,116
1781009490000,97,108
1781009500000,108,124
1781009510000,95,116
1781009520000,97,117
1781009530000,102,120
1781009540000,86,102
1781009550000,102,115
1781009560000,94,112
1781009570000,89,110
1781009580000,103,121
1781009590000,93,111
1781009600000,89,99
1781009610000,98,118
1781009620000,95,114
1781009630000,96,115
1781009640000,95,112
1781009650000,104,125
1781009660000,110,123
1781009670000,107,127
1781009680000,96,116
1781009690000,97,111
1781009700000,94,106
1781009710000,97,116
1781009720000,96,113
1781009730000,98,117
1781009740000,96,116
1781009750000,102,116
1781009760000,103,122
1781009770000,101,112
1781009780000,103,123
1781009790000,94,111
1781009800000,101,120
1781009810000,97,114
1781009820000,86,103
1781009830000,91,112
1781009840000,94,109
1781009850000,91,104
1781009860000,104,121
1781009870000,92,108
1781009880000,102,119
1781009890000,96,106
1781009900000,96,106
1781009910000,88,109
1781009920000,102,119
1781009930000,95,105
1781009940000,103,120
1781009950000,97,117
1781009960000,94,115
1781009970000,99,117
1781009980000,95,114
1781009990000,93,107
1781010000000,76,85
1781010010000,66,72
1781010020000,76,85
1781010030000,68,75
1781010040000,78,92
1781010050000,64,69
1781010060000,72,80
1781010070000,67,72
1781010080000,75,89
1781010090000,65,73
1781010100000,64,73
1781010110000,67,72
1781010120000,77,89
1781010130000,64,78
1781010140000,70,77
1781010150000,65,75
1781010160000,74,85
1781010170000,72,86
1781010180000,73,84
1781010190000,60,67
1781010200000,77,86
1781010210000,69,74
1781010220000,65,79
1781010230000,70,82
1781010240000,72,83
1781010250000,69,83
1781010260000,70,84
1781010270000,73,80
1781010280000,64,75
1781010290000,72,81
1781010300000,75,89
1781010310000,76,81
1781010320000,71,77
1781010330000,72,80
1781010340000,68,82
1781010350000,71,76
1781010360000,70,79
1781010370000,78,89
1781010380000,71,84
1781010390000,70,80
1781010400000,76,82
1781010410000,72,86
1781010420000,68,75
1781010430000,64,78
1781010440000,71,85
1781010450000,75,84
1781010460000,69,78
1781010470000,66,74
1781010480000,74,83
1781010490000,71,85
1781010500000,73,79
1781010510000,72,84
1781010520000,63,74
1781010530000,75,83
1781010540000,63,77
1781010550000,74,80
1781010560000,66,72
1781010570000,71,79
1781010580000,74,79
1781010590000,77,90
1781010600000,75,88
1781010610000,71,77
1781010620000,67,76
1781010630000,72,79
1781010640000,65,74
1781010650000,67,78
1781010660000,69,80
1781010670000,76,87
1781010680000,71,78
1781010690000,79,86
1781010700000,61,75
1781010710000,69,81
1781010720000,71,77
1781010730000,69,83
1781010740000,69,74
1781010750000,65,75
1781010760000,68,76
1781010770000,63,70
1781010780000,59,69
1781010790000,75,88
1781010800000,72,84
1781010810000,73,82
1781010820000,66,80
1781010830000,67,78
1781010840000,74,81
1781010850000,75,83
1781010860000,69,79
1781010870000,75,83
1781010880000,77,82
1781010890000,62,70
1781010900000,74,85
1781010910000,70,75
1781010920000,64,72
1781010930000,75,81
1781010940000,77,84
1781010950000,72,86
1781010960000,71,76
1781010970000,69,81
1781010980000,75,88
1781010990000,76,83
1781011000000,69,74
1781011010000,73,80
1781011020000,68,74
1781011030000,67,72
1781011040000,73,84
1781011050000,78,90
1781011060000,65,78
1781011070000,70,83
1781011080000,64,71
1781011090000,68,75
1781011100000,72,82
1781011110000,73,79
1781011120000,74,82
1781011130000,60,67
1781011140000,66,72
1781011150000,71,80
1781011160000,71,85
1781011170000,70,82
1781011180000,60,74
1781011190000,67,80
1781011200000,63,70
1781011210000,70,82
1781011220000,71,77
1781011230000,66,73
1781011240000,80,85
1781011250000,68,77
1781011260000,66,74
1781011270000,77,82
1781011280000,65,76
1781011290000,71,80
1781011300000,67,72
1781011310000,71,76
1781011320000,68,78
1781011330000,67,77
1781011340000,66,78
1781011350000,72,86
1781011360000,65,72
1781011370000,70,82
1781011380000,67,74
1781011390000,71,79
1781011400000,69,78
1781011410000,71,84
1781011420000,66,79
1781011430000,76,90
1781011440000,60,66
1781011450000,62,75
1781011460000,60,68
1781011470000,63,77
1781011480000,86,98
1781011490000,80,89
1781011500000,76,90
1781011510000,81,93
1781011520000,71,78
1781011530000,72,81
1781011540000,72,77
1781011550000,65,75
1781011560000,68,76
1781011570000,69,82
1781011580000,68,76
1781011590000,64,76
1781011600000,64,76
1781011610000,69,83
1781011620000,75,83
1781011630000,74,85
1781011640000,74,79
1781011650000,79,87
1781011660000,71,81
1781011670000,66,76
1781011680000,69,75
1781011690000,75,87
1781011700000,76,81
1781011710000,70,76
1781011720000,63,72
1781011730000,73,85
1781011740000,65,75
1781011750000,65,73
1781011760000,66,75
1781011770000,68,78
1781011780000,66,78
1781011790000,68,73
1781011800000,68,80
1781011810000,69,79
1781011820000,64,72
1781011830000,71,78
1781011840000,67,73
1781011850000,70,77
1781011860000,71,85
1781011870000,67,81
1781011880000,72,81
1781011890000,67,78
1781011900000,75,88
1781011910000,65,71
1781011920000,65,72
1781011930000,77,82
1781011940000,62,70
1781011950000,72,79
1781011960000,63,74
1781011970000,64,69
1781011980000,71,85
1781011990000,70,82
1781012000000,67,73
1781012010000,64,73
1781012020000,77,83
1781012030000,67,77
1781012040000,65,79
1781012050000,61,68
1781012060000,62,70
1781012070000,64,71
1781012080000,69,83
1781012090000,69,75
1781012100000,71,82
1781012110000,74,81
1781012120000,82,90
1781012130000,71,76
1781012140000,75,83
1781012150000,66,79
1781012160000,67,78
1781012170000,70,83
1781012180000,69,79
1781012190000,69,76
1781012200000,81,95
1781012210000,60,65
1781012220000,66,75
1781012230000,63,68
1781012240000,64,69
1781012250000,73,78
1781012260000,73,81
1781012270000,71,77
1781012280000,61,66
1781012290000,72,85
1781012300000,71,81
1781012310000,65,70
1781012320000,73,82
1781012330000,77,84
1781012340000,72,77
1781012350000,76,81
1781012360000,76,88
1781012370000,76,83
1781012380000,75,87
1781012390000,75,86
1781012400000,76,89
1781012410000,68,79
1781012420000,65,78
1781012430000,62,73
1781012440000,69,80
1781012450000,59,72
1781012460000,80,94
1781012470000,74,86
1781012480000,73,83
1781012490000,66,77
1781012500000,69,80
1781012510000,70,78
1781012520000,67,78
1781012530000,77,83
1781012540000,62,67
1781012550000,78,83
1781012560000,62,76
1781012570000,76,88
1781012580000,65,75
1781012590000,70,75
1781012600000,71,83
1781012610000,71,80
1781012620000,77,87
1781012630000,75,86
1781012640000,69,76
1781012650000,75,82
1781012660000,68,81
1781012670000,70,79
1781012680000,68,73
1781012690000,68,80
1781012700000,65,74
1781012710000,67,73
1781012720000,64,72
1781012730000,71,85
1781012740000,75,82
1781012750000,73,78
1781012760000,82,94
1781012770000,65,76
1781012780000,76,88
1781012790000,59,65
1781012800000,58,63
1781012810000,74,85
1781012820000,74,79
1781012830000,71,83
1781012840000,68,75
1781012850000,62,70
1781012860000,60,68
1781012870000,64,75
1781012880000,68,80
1781012890000,67,73
1781012900000,77,90
1781012910000,71,76
1781012920000,76,90
1781012930000,77,88
1781012940000,68,74
1781012950000,76,88
1781012960000,69,81
1781012970000,72,78
1781012980000,67,74
1781012990000,73,85
1781013000000,70,75
1781013010000,68,75
1781013020000,73,83
1781013030000,60,68
1781013040000,66,74
1781013050000,77,91
1781013060000,81,93
1781013070000,73,85
1781013080000,71,85
1781013090000,77,91
1781013100000,65,76
1781013110000,68,81
1781013120000,65,74
1781013130000,77,91
1781013140000,60,69
1781013150000,62,74
1781013160000,71,79
1781013170000,59,71
1781013180000,62,68
1781013190000,74,86
1781013200000,65,73
1781013210000,62,71
1781013220000,75,80
1781013230000,73,81
1781013240000,75,83
1781013250000,80,94
1781013260000,70,80
1781013270000,76,89
1781013280000,69,78
1781013290000,66,77
1781013300000,76,84
1781013310000,71,82
1781013320000,62,73
1781013330000,71,85
1781013340000,81,89
1781013350000,64,74
1781013360000,69,81
1781013370000,69,79
1781013380000,71,78
1781013390000,73,86
1781013400000,72,82
1781013410000,70,82
1781013420000,68,78
1781013430000,83,91
1781013440000,65,78
1781013450000,86,97
1781013460000,66,79
1781013470000,71,79
1781013480000,58,70
1781013490000,66,78
1781013500000,74,84
1781013510000,63,76
1781013520000,66,73
1781013530000,63,76
1781013540000,71,83
1781013550000,70,83
1781013560000,77,91
1781013570000,69,83
1781013580000,58,72
1781013590000,72,85
