Timestamp,LuceArtificiale,Blue,DeepBlue,Clear
1780984800000,119,7359,5335,17744
1780984810000,137,6634,5161,17664
1780984820000,68,8658,5794,20983
1780984830000,122,6770,4719,16768
1780984840000,141,7323,5248,18528
1780984850000,76,6397,5397,18230
1780984860000,94,7318,4475,17742
1780984870000,126,6533,5734,18468
1780984880000,147,7555,5265,18916
1780984890000,139,5768,4292,15984
1780984900000,65,7929,6320,20806
1780984910000,118,6396,5603,17780
1780984920000,61,6392,5393,17850
1780984930000,56,7428,4787,18526
1780984940000,109,7578,5115,20132
1780984950000,133,7374,5234,18959
1780984960000,108,6898,4880,19145
1780984970000,113,6408,5527,18206
1780984980000,90,7451,5922,19715
1780984990000,100,7325,5995,19131
1780985000000,131,7125,4701,18338
1780985010000,50,6605,4158,15921
1780985020000,120,7327,5197,18810
1780985030000,77,7170,5513,17240
1780985040000,77,6580,4778,18315
1780985050000,66,6764,5262,16984
1780985060000,74,6868,5334,19414
1780985070000,114,8291,5592,20150
1780985080000,70,6953,4705,17488
1780985090000,145,6632,4717,16715
1780985100000,105,6799,4733,17483
1780985110000,77,7428,4766,18126
1780985120000,143,8587,5533,20898
1780985130000,80,7115,5733,18021
1780985140000,118,7861,6977,21837
1780985150000,72,5742,4305,16302
1780985160000,108,6394,5183,17931
1780985170000,123,7241,5000,18074
1780985180000,95,7240,5303,17605
1780985190000,91,8546,5153,20400
1780985200000,97,6476,5454,17549
1780985210000,83,6255,5200,17613
1780985220000,101,7355,5827,20491
1780985230000,105,7316,5625,18396
1780985240000,55,5986,4948,16008
1780985250000,111,5710,4232,16127
1780985260000,95,7502,5360,18228
1780985270000,117,6532,4888,16933
1780985280000,124,6834,4674,17487
1780985290000,77,7346,4629,18373
1780985300000,133,7497,4733,18530
1780985310000,148,7182,4740,17251
1780985320000,138,6607,4931,17385
1780985330000,104,8824,6656,22097
1780985340000,75,6456,5355,17648
1780985350000,95,6362,4347,16900
1780985360000,96,6991,6002,19079
1780985370000,60,6455,4285,16534
1780985380000,53,6290,4836,17959
1780985390000,124,7730,5317,18771
1780985400000,77,5455,3903,15152
1780985410000,123,7415,5304,19567
1780985420000,109,6836,5298,17782
1780985430000,130,6093,4369,16600
1780985440000,138,6768,4625,18005
1780985450000,81,7676,5048,18313
1780985460000,136,8756,6188,21090
1780985470000,126,6939,4369,17435
1780985480000,102,7236,5739,19946
1780985490000,51,6733,4919,18301
1780985500000,80,6730,4896,18341
1780985510000,140,6805,4689,18174
1780985520000,94,7261,4803,19159
1780985530000,134,6465,4090,16178
1780985540000,115,7404,5080,20275
1780985550000,122,6427,4335,17300
1780985560000,123,6745,4515,17941
1780985570000,112,6847,5524,17995
1780985580000,63,7522,5209,19250
1780985590000,135,7715,5110,19556
1780985600000,145,7622,5964,19165
1780985610000,60,7078,5737,18889
1780985620000,127,6350,4828,17034
1780985630000,108,6605,5361,17893
1780985640000,68,7788,5100,19709
1780985650000,125,7380,5410,17699
1780985660000,123,7095,4362,17445
1780985670000,143,6667,5153,17149
1780985680000,119,6923,5275,17931
1780985690000,85,6257,4631,17222
1780985700000,65,6792,4441,17071
1780985710000,129,8195,5428,20238
1780985720000,53,6301,4929,16289
1780985730000,90,7171,5881,18917
1780985740000,71,6145,4940,16165
1780985750000,76,7054,5269,18254
1780985760000,79,6617,4649,17475
1780985770000,124,7326,5570,18281
1780985780000,82,7237,5072,17520
1780985790000,119,6635,4054,16097
1780985800000,97,6469,4793,15683
1780985810000,93,6537,5345,17330
1780985820000,148,7909,5680,20274
1780985830000,141,6634,4521,15925
1780985840000,95,7747,6237,20228
1780985850000,83,5987,4489,14592
1780985860000,70,6967,5277,17787
1780985870000,51,6194,4058,16155
1780985880000,83,7400,5025,18229
1780985890000,104,7843,5585,19682
1780985900000,83,7368,5444,19583
1780985910000,116,7948,5154,20489
1780985920000,82,7507,5236,20420
1780985930000,83,6507,4899,17124
1780985940000,85,7395,5137,18470
1780985950000,129,7268,5740,18652
1780985960000,63,7166,5371,20294
1780985970000,124,6524,4261,16699
1780985980000,84,6903,5000,16888
1780985990000,132,6603,4257,16959
1780986000000,117,7250,4688,17366
1780986010000,62,6788,5227,17964
1780986020000,131,6697,5761,18531
1780986030000,82,7089,5881,18438
1780986040000,144,7844,4981,18850
1780986050000,95,7209,4909,18042
1780986060000,142,5576,3951,15693
1780986070000,109,6394,4087,15251
1780986080000,88,7439,5385,20873
1780986090000,135,7632,5357,19598
1780986100000,108,6393,5240,17202
1780986110000,125,6646,4558,17784
1780986120000,101,6766,5881,18653
1780986130000,52,7059,4819,16986
1780986140000,92,6769,6124,19246
1780986150000,68,8010,5874,20657
1780986160000,124,5898,4857,15299
1780986170000,75,6232,4819,16729
1780986180000,72,7237,5309,18442
1780986190000,72,6867,4833,17606
1780986200000,57,7398,5332,20095
1780986210000,144,6430,4525,17895
1780986220000,113,6304,5048,16716
1780986230000,141,6082,4459,16861
1780986240000,88,7031,5411,17012
1780986250000,133,5862,3753,14803
1780986260000,87,6007,4142,14676
1780986270000,91,6385,4332,15528
1780986280000,114,6985,5029,18091
1780986290000,72,6852,6108,19125
1780986300000,144,6034,4636,16838
1780986310000,87,6875,5461,18021
1780986320000,73,7396,5613,18746
1780986330000,81,6593,5172,17951
1780986340000,56,6912,5419,17652
1780986350000,74,7812,5156,18966
1780986360000,122,6849,5410,17528
1780986370000,80,6754,4491,17229
1780986380000,118,7181,4848,18281
1780986390000,131,6181,4803,16150
1780986400000,99,7274,5225,18729
1780986410000,68,5459,3511,13804
1780986420000,82,6892,5072,18587
1780986430000,74,6673,4906,16435
1780986440000,70,6635,5352,18781
1780986450000,140,6768,4603,18132
1780986460000,104,7336,5158,19514
1780986470000,50,7437,5625,18812
1780986480000,131,7197,4690,18486
1780986490000,107,6767,5203,17375
1780986500000,146,6380,5608,17633
1780986510000,111,6800,4752,17705
1780986520000,87,7069,5072,19793
1780986530000,76,8367,5599,21271
1780986540000,147,6975,4612,16799
1780986550000,149,5867,4181,15713
1780986560000,91,5721,4803,16049
1780986570000,105,6132,5310,16633
1780986580000,122,6866,4468,17414
1780986590000,137,6542,5161,17119
1780986600000,99,6156,4716,17281
1780986610000,124,7187,5450,18271
1780986620000,120,6690,4942,17567
1780986630000,145,6805,4727,18378
1780986640000,116,8025,6360,21394
1780986650000,60,7275,5116,17405
1780986660000,131,7287,5228,17380
1780986670000,96,6716,4474,16348
1780986680000,67,7269,4776,18153
1780986690000,113,6940,5027,16969
1780986700000,57,7605,4958,19794
1780986710000,61,6975,5691,19105
1780986720000,96,6613,4677,18691
1780986730000,126,5406,3827,15284
1780986740000,111,6760,5124,16227
1780986750000,72,6929,5022,18371
1780986760000,149,6428,5436,18112
1780986770000,85,5503,4139,15203
1780986780000,108,7770,6110,19223
1780986790000,140,7204,6108,19194
1780986800000,79,6420,4495,17242
1780986810000,72,7648,5500,20566
1780986820000,134,6987,5763,18041
1780986830000,130,7982,5326,21265
1780986840000,104,7080,5759,19859
1780986850000,66,6664,5773,18688
1780986860000,68,6572,5281,17147
1780986870000,56,6786,5345,17391
1780986880000,80,7137,5819,18377
1780986890000,105,7820,6083,19108
1780986900000,132,6586,4272,16417
1780986910000,112,6959,4643,17628
1780986920000,133,7242,5733,18532
1780986930000,55,6301,5243,17746
1780986940000,105,7995,5279,20837
1780986950000,124,7665,5894,18584
1780986960000,68,6210,5146,16835
1780986970000,53,5929,4125,15134
1780986980000,83,7013,5660,19665
1780986990000,146,4922,4297,13757
1780987000000,72,7309,5018,17732
1780987010000,128,7787,5018,19860
1780987020000,82,6641,5091,17984
1780987030000,129,7372,5566,19422
1780987040000,112,6086,4494,16297
1780987050000,61,6887,5712,18991
1780987060000,56,6862,5130,17571
1780987070000,92,6739,5162,18880
1780987080000,118,6811,4357,16958
1780987090000,95,7425,5461,20271
1780987100000,125,7075,4539,17718
1780987110000,144,6549,5265,17269
1780987120000,60,6161,4345,17021
1780987130000,65,7177,4792,17279
1780987140000,53,6019,4688,15896
1780987150000,79,7110,4485,17147
1780987160000,128,6592,4929,16151
1780987170000,60,6275,4692,16311
1780987180000,81,6435,5309,17792
1780987190000,98,6479,5744,18423
1780987200000,138,7081,5131,17822
1780987210000,118,7774,5595,19445
1780987220000,67,7368,5925,19039
1780987230000,142,7405,5666,19317
1780987240000,70,7244,5790,20060
1780987250000,65,5987,4901,15713
1780987260000,70,7381,4793,18881
1780987270000,63,6592,5113,18070
1780987280000,73,6681,5300,18156
1780987290000,126,5667,4959,15747
1780987300000,58,8702,6137,21212
1780987310000,73,7714,6336,21278
1780987320000,90,6345,5265,17604
1780987330000,118,7718,5891,18936
1780987340000,136,7307,4706,17448
1780987350000,110,5802,3812,14792
1780987360000,124,6657,5791,18725
1780987370000,52,6994,5332,16793
1780987380000,89,8080,5475,20301
1780987390000,105,7452,5121,18131
1780987400000,143,6532,4992,16173
1780987410000,61,6929,4994,18509
1780987420000,94,7800,5889,20410
1780987430000,77,7764,5848,20627
1780987440000,117,6807,4451,17154
1780987450000,76,7638,5794,18671
1780987460000,86,7354,5398,18152
1780987470000,92,6826,4483,16982
1780987480000,98,6857,5043,17329
1780987490000,140,6204,5410,16924
1780987500000,117,7549,5254,18649
1780987510000,144,7876,6135,19267
1780987520000,145,6760,5130,18817
1780987530000,118,6156,5273,17382
1780987540000,76,7126,4531,17918
1780987550000,119,7203,5557,19254
1780987560000,63,7518,5399,19162
1780987570000,86,7199,5291,18410
1780987580000,144,6016,4908,15362
1780987590000,139,7797,4718,18752
1780987600000,107,8325,5156,19929
1780987610000,87,7661,5304,18275
1780987620000,65,7349,6069,19049
1780987630000,58,6851,5431,17623
1780987640000,133,6999,4860,17600
1780987650000,148,7263,4846,18752
1780987660000,78,6521,5340,18541
1780987670000,120,6072,4148,16360
1780987680000,80,6970,5693,18063
1780987690000,100,5571,3954,15736
1780987700000,125,5667,4806,15800
1780987710000,135,6549,5471,18213
1780987720000,139,6867,4371,16894
1780987730000,61,6940,4755,17137
1780987740000,74,7164,5145,17535
1780987750000,149,7077,5169,17485
1780987760000,66,7204,5218,19479
1780987770000,107,7639,5564,19037
1780987780000,62,6355,4219,15953
1780987790000,125,7612,6080,20539
1780987800000,120,6061,4733,16442
1780987810000,135,7245,5387,18379
1780987820000,81,7386,5265,17710
1780987830000,86,6806,4213,16326
1780987840000,84,7725,6325,19811
1780987850000,90,7974,6217,20769
1780987860000,101,6962,5867,18427
1780987870000,148,7068,5717,19203
1780987880000,137,5973,4708,16136
1780987890000,130,7765,5743,19246
1780987900000,113,7067,5763,18909
1780987910000,109,6777,4681,17113
1780987920000,122,6616,5449,17244
1780987930000,69,6254,5294,16958
1780987940000,125,6844,4561,17136
1780987950000,116,6238,4373,17112
1780987960000,94,7651,5033,20002
1780987970000,86,6063,4498,16752
1780987980000,70,6188,4341,17213
1780987990000,140,6921,5654,17939
1780988000000,111,6883,4686,17609
1780988010000,137,7562,5749,19402
1780988020000,139,7298,5499,17411
1780988030000,109,6370,4637,17748
1780988040000,119,7456,5103,18522
1780988050000,51,6240,4699,17184
1780988060000,77,6751,5344,16872
1780988070000,138,6885,4987,18925
1780988080000,122,6889,4552,17885
1780988090000,83,6760,4872,18194
1780988100000,50,7059,5511,17734
1780988110000,88,6455,5159,17008
1780988120000,59,6909,5719,18287
1780988130000,90,6481,4587,16257
1780988140000,87,7254,4768,18445
1780988150000,108,7486,5050,18442
1780988160000,85,6441,4957,17585
1780988170000,70,7324,5674,17756
1780988180000,59,6369,5274,17844
1780988190000,144,7145,4857,18938
1780988200000,68,7447,5145,19126
1780988210000,73,7911,5927,19150
1780988220000,65,7089,5546,19915
1780988230000,133,7614,5345,18533
1780988240000,57,7311,4867,17701
1780988250000,83,7146,4453,17599
1780988260000,97,7384,4925,18627
1780988270000,104,6791,4623,17742
1780988280000,73,6981,4340,16959
1780988290000,60,8133,5169,19880
1780988300000,116,7394,4591,17799
1780988310000,83,7159,5372,19326
1780988320000,130,7515,5256,19695
1780988330000,91,6133,4692,16527
1780988340000,74,6351,4384,17012
1780988350000,130,5185,3871,13900
1780988360000,64,7405,5089,19012
1780988370000,142,6843,5911,18766
1780988380000,54,6501,5088,18381
1780988390000,129,6286,4741,16501
1780988400000,93,6442,5270,17163
1780988410000,105,7801,5253,18777
1780988420000,62,7090,4668,16902
1780988430000,131,6359,4116,15909
1780988440000,73,7587,5795,18935
1780988450000,76,6402,5497,17595
1780988460000,67,6444,4847,16465
1780988470000,139,8221,5653,19586
1780988480000,63,7383,5331,18069
1780988490000,67,6205,4533,16674
1780988500000,125,6979,4934,16886
1780988510000,61,6693,4801,18649
1780988520000,141,6302,5187,17650
1780988530000,90,5824,4535,16458
1780988540000,130,7158,5156,18949
1780988550000,53,7181,4997,19549
1780988560000,118,6242,4254,15599
1780988570000,83,6128,4851,16091
1780988580000,84,6622,5530,17783
1780988590000,122,7310,5056,18258
1780988600000,67,7303,4842,18248
1780988610000,60,6310,4488,16768
1780988620000,72,6781,5046,17114
1780988630000,127,6448,4248,16598
1780988640000,130,7462,5967,19282
1780988650000,141,7567,5737,18263
1780988660000,58,7896,5596,19321
1780988670000,91,6313,4806,17465
1780988680000,95,7341,5478,19602
1780988690000,76,7258,4645,17848
1780988700000,73,7552,5142,19635
1780988710000,53,5918,3911,15485
1780988720000,118,6373,4336,16129
1780988730000,100,7802,6582,20784
1780988740000,149,6742,5670,19188
1780988750000,122,6875,4823,17536
1780988760000,146,6735,4923,16741
1780988770000,139,5905,4116,16450
1780988780000,50,7142,5292,17076
1780988790000,81,8014,5576,20858
1780988800000,145,8277,5578,20003
1780988810000,78,6852,4468,17122
1780988820000,76,7479,5781,18394
1780988830000,128,6795,5410,18319
1780988840000,69,7177,4730,17704
1780988850000,104,6320,4765,15168
1780988860000,62,6876,4496,16887
1780988870000,125,6080,4751,16491
1780988880000,120,7492,5268,18853
1780988890000,61,7443,4459,17757
1780988900000,104,7619,5916,19561
1780988910000,74,6725,5473,18140
1780988920000,113,7100,5835,19732
1780988930000,94,7043,6342,20023
1780988940000,147,7453,5366,19274
1780988950000,109,7659,5966,19751
1780988960000,62,7269,5019,17630
1780988970000,79,5800,5112,16558
1780988980000,72,6788,5228,16561
1780988990000,96,7226,6020,19393
1780989000000,128,6351,4844,17209
1780989010000,83,6711,4455,16179
1780989020000,91,7947,5779,19193
1780989030000,97,6559,5147,17905
1780989040000,117,6636,5642,18133
1780989050000,119,7070,4762,19015
1780989060000,101,6019,4674,16115
1780989070000,74,6059,3687,14535
1780989080000,69,6473,4932,18186
1780989090000,138,7126,4855,18831
1780989100000,89,6123,4331,16503
1780989110000,145,6021,4564,16311
1780989120000,126,7018,5538,19628
1780989130000,146,7278,5441,17469
1780989140000,50,8323,6029,21050
1780989150000,60,6294,5165,16199
1780989160000,135,7746,5425,19021
1780989170000,110,6735,4364,16365
1780989180000,114,6204,4711,17435
1780989190000,74,6032,4490,15892
1780989200000,53,6575,4886,17426
1780989210000,57,6605,5027,15812
1780989220000,121,6355,4020,15222
1780989230000,65,7821,5802,18977
1780989240000,86,6616,5470,18316
1780989250000,63,7157,5159,17689
1780989260000,136,7788,4928,18754
1780989270000,72,7705,5460,20832
1780989280000,68,7121,5961,20146
1780989290000,115,5835,4381,15896
1780989300000,69,6507,4106,16211
1780989310000,148,8157,5968,20783
1780989320000,76,6661,4289,16554
1780989330000,77,7864,5295,19915
1780989340000,101,8089,5546,20649
1780989350000,92,8171,6262,19682
1780989360000,106,7651,5287,18337
1780989370000,79,6314,4201,15869
1780989380000,108,6078,4930,17328
1780989390000,63,7116,5891,18772
1780989400000,133,6516,5366,17121
1780989410000,106,6439,4366,16238
1780989420000,94,8148,5747,19773
1780989430000,105,6926,5214,17154
1780989440000,118,7346,5213,17658
1780989450000,118,6527,4511,16740
1780989460000,147,7025,5066,17287
1780989470000,75,7438,5908,19287
1780989480000,127,7870,5792,18770
1780989490000,148,6321,4232,16911
1780989500000,116,7380,5713,18288
1780989510000,109,6843,4361,17171
1780989520000,116,6276,4913,17506
1780989530000,87,7417,6081,21041
1780989540000,99,6954,4893,18418
1780989550000,103,8505,6197,21192
1780989560000,117,7136,5645,18110
1780989570000,70,6014,4953,16788
1780989580000,92,6300,4153,16277
1780989590000,61,6743,4473,17786
1780989600000,50,5983,3847,15037
1780989610000,61,7676,6518,20883
1780989620000,89,6612,5819,18603
1780989630000,62,6282,3875,15346
1780989640000,126,7005,5254,17222
1780989650000,121,7052,5042,17496
1780989660000,131,6360,4395,16438
1780989670000,141,7015,4906,16827
1780989680000,116,6646,4662,17603
1780989690000,91,6496,5047,16840
1780989700000,77,7590,5647,18437
1780989710000,142,6666,5672,18104
1780989720000,50,8104,5722,20879
1780989730000,144,7727,5902,19153
1780989740000,115,7551,5909,18616
1780989750000,138,7955,4954,19402
1780989760000,62,6803,4685,18429
1780989770000,111,6723,4832,16323
1780989780000,139,7517,5016,17911
1780989790000,112,7238,5446,18862
1780989800000,65,5212,3713,12834
1780989810000,61,8169,5576,21128
1780989820000,79,5583,4358,15897
1780989830000,74,7020,5268,18132
1780989840000,66,6428,5261,16665
1780989850000,65,6800,5127,17419
1780989860000,96,6781,5200,17324
1780989870000,129,6776,6065,19337
1780989880000,76,5475,4346,14656
1780989890000,79,7645,6331,20202
1780989900000,120,6008,4731,16335
1780989910000,115,6518,5845,18328
1780989920000,110,6541,4675,16613
1780989930000,89,6738,4789,17952
1780989940000,137,6076,5399,16943
1780989950000,79,7441,4806,18584
1780989960000,102,6410,4707,16687
1780989970000,61,8479,6340,21142
1780989980000,86,5564,3688,14358
1780989990000,54,7535,5054,19321
1780990000000,134,5529,4351,15624
1780990010000,131,8200,5155,19893
1780990020000,56,7409,6171,19600
1780990030000,90,7498,4863,18005
1780990040000,71,6034,4014,15369
1780990050000,132,5960,4186,16227
1780990060000,133,7281,5238,19053
1780990070000,94,6957,5376,17616
1780990080000,113,7184,4677,17819
1780990090000,102,5832,4598,15670
1780990100000,57,7496,5307,18947
1780990110000,119,6905,5047,18970
1780990120000,98,5508,4017,14984
1780990130000,113,6224,5233,17200
1780990140000,83,7045,5382,17100
1780990150000,56,7885,5220,18909
1780990160000,121,6769,4803,18974
1780990170000,73,6865,4589,17795
1780990180000,107,6002,4698,16735
1780990190000,92,7029,5110,19808
1780990200000,1340,295,142,1555
1780990210000,1161,248,73,1405
1780990220000,1208,260,116,1507
1780990230000,1380,301,80,1541
1780990240000,1345,268,121,1626
1780990250000,1286,227,113,1439
1780990260000,1291,224,98,1451
1780990270000,1134,248,84,1364
1780990280000,1227,257,78,1482
1780990290000,1249,258,119,1427
1780990300000,1382,233,79,1549
1780990310000,1050,185,59,1174
1780990320000,1404,283,142,1566
1780990330000,1169,240,78,1440
1780990340000,1215,249,102,1491
1780990350000,1392,259,90,1581
1780990360000,1331,231,138,1506
1780990370000,1435,301,134,1659
1780990380000,1464,275,103,1647
1780990390000,1254,281,117,1457
1780990400000,1323,277,97,1557
1780990410000,1322,310,88,1567
1780990420000,1370,245,93,1595
1780990430000,1278,256,134,1440
1780990440000,1280,257,98,1490
1780990450000,1149,219,107,1373
1780990460000,1195,225,74,1427
1780990470000,1391,258,141,1648
1780990480000,1279,281,86,1455
1780990490000,1181,221,75,1391
1780990500000,1290,231,104,1508
1780990510000,1319,280,81,1626
1780990520000,1453,275,91,1703
1780990530000,1339,323,104,1623
1780990540000,1310,227,116,1482
1780990550000,1200,229,108,1361
1780990560000,1491,305,141,1692
1780990570000,1381,293,112,1559
1780990580000,1164,261,124,1411
1780990590000,1467,277,108,1657
1780990600000,1297,276,134,1544
1780990610000,1106,259,108,1336
1780990620000,1103,209,101,1352
1780990630000,1165,257,142,1451
1780990640000,1230,298,146,1513
1780990650000,1123,219,80,1382
1780990660000,1264,245,88,1580
1780990670000,1264,251,116,1555
1780990680000,1293,241,105,1461
1780990690000,1154,275,109,1410
1780990700000,1188,227,115,1382
1780990710000,1162,263,123,1376
1780990720000,1220,265,135,1489
1780990730000,1328,269,144,1645
1780990740000,1108,257,74,1326
1780990750000,1418,263,119,1746
1780990760000,1265,287,124,1540
1780990770000,1256,237,112,1568
1780990780000,1303,288,145,1529
1780990790000,1292,260,134,1513
1780990800000,1333,283,111,1514
1780990810000,1334,269,152,1588
1780990820000,1282,237,89,1484
1780990830000,1274,233,81,1514
1780990840000,1119,252,110,1377
1780990850000,1243,282,91,1514
1780990860000,1226,261,89,1416
1780990870000,1183,267,118,1402
1780990880000,1171,238,135,1406
1780990890000,1331,292,141,1619
1780990900000,1212,274,100,1503
1780990910000,1266,239,93,1581
1780990920000,1116,235,79,1342
1780990930000,1321,250,100,1595
1780990940000,1173,251,130,1408
1780990950000,1400,298,114,1629
1780990960000,1285,266,149,1517
1780990970000,1215,263,70,1368
1780990980000,1362,287,94,1607
1780990990000,1348,264,133,1505
1780991000000,1243,230,141,1443
1780991010000,1190,247,86,1464
1780991020000,1249,276,138,1435
1780991030000,1275,228,131,1448
1780991040000,1367,245,133,1541
1780991050000,1291,252,136,1544
1780991060000,1265,255,98,1443
1780991070000,1462,257,150,1677
1780991080000,1426,306,140,1688
1780991090000,1256,275,104,1476
1780991100000,1320,256,128,1522
1780991110000,1207,253,116,1424
1780991120000,1406,318,99,1632
1780991130000,1198,275,74,1425
1780991140000,1279,281,136,1462
1780991150000,1423,280,126,1589
1780991160000,1267,279,93,1508
1780991170000,1155,259,74,1419
1780991180000,1298,295,118,1531
1780991190000,1168,230,96,1409
1780991200000,1141,249,96,1379
1780991210000,1370,261,134,1612
1780991220000,1391,312,103,1626
1780991230000,1194,204,123,1355
1780991240000,1356,263,88,1551
1780991250000,1256,283,100,1440
1780991260000,1303,265,151,1526
1780991270000,1361,274,113,1562
1780991280000,1151,257,129,1420
1780991290000,1005,204,94,1201
1780991300000,1301,221,93,1462
1780991310000,1348,246,83,1551
1780991320000,1186,220,88,1367
1780991330000,1349,265,150,1600
1780991340000,1243,284,104,1452
1780991350000,1226,235,140,1428
1780991360000,1379,303,140,1618
1780991370000,1297,297,128,1556
1780991380000,1361,288,122,1622
1780991390000,1178,226,107,1378
1780991400000,1291,266,133,1485
1780991410000,1318,301,139,1581
1780991420000,1500,257,121,1674
1780991430000,1330,289,114,1587
1780991440000,1314,282,116,1601
1780991450000,1289,277,148,1539
1780991460000,1388,286,101,1567
1780991470000,1318,267,128,1504
1780991480000,1263,287,139,1521
1780991490000,1175,229,104,1411
1780991500000,1285,218,106,1443
1780991510000,1362,271,82,1594
1780991520000,1310,296,151,1593
1780991530000,1386,331,118,1730
1780991540000,1276,254,137,1441
1780991550000,1271,299,142,1518
1780991560000,1300,289,153,1616
1780991570000,1421,269,151,1617
1780991580000,1246,255,73,1388
1780991590000,1232,272,109,1471
1780991600000,1088,246,80,1337
1780991610000,1238,228,90,1466
1780991620000,1302,246,77,1494
1780991630000,1293,251,148,1492
1780991640000,1258,294,116,1535
1780991650000,1135,256,101,1406
1780991660000,1266,298,133,1502
1780991670000,1366,283,144,1703
1780991680000,1522,289,152,1712
1780991690000,1298,235,134,1478
1780991700000,1215,247,120,1494
1780991710000,1325,254,139,1497
1780991720000,1303,247,103,1485
1780991730000,1278,277,148,1562
1780991740000,1376,274,88,1662
1780991750000,1167,237,112,1394
1780991760000,1096,206,111,1313
1780991770000,1208,270,82,1448
1780991780000,1353,276,87,1548
1780991790000,1428,262,118,1664
1780991800000,1400,280,161,1650
1780991810000,1229,267,84,1452
1780991820000,1062,225,74,1280
1780991830000,1165,245,80,1455
1780991840000,1302,286,154,1592
1780991850000,1442,329,139,1700
1780991860000,1118,209,114,1384
1780991870000,1367,236,152,1545
1780991880000,1121,191,76,1258
1780991890000,1297,247,80,1446
1780991900000,1282,251,95,1590
1780991910000,1397,261,89,1567
1780991920000,1375,245,89,1579
1780991930000,1364,274,111,1529
1780991940000,1195,255,86,1398
1780991950000,1192,216,122,1363
1780991960000,1342,321,87,1646
1780991970000,1360,278,93,1520
1780991980000,1368,262,123,1605
1780991990000,1386,293,130,1569
1780992000000,2543,23877,22290,31832
1780992010000,3279,28760,27317,36972
1780992020000,2838,29512,26606,36970
1780992030000,2021,654,357,3005
1780992040000,2270,822,460,3318
1780992050000,2236,766,419,3147
1780992060000,2121,710,316,2905
1780992070000,1841,717,323,3028
1780992080000,1992,582,330,2834
1780992090000,2276,771,387,3104
1780992100000,1997,709,298,2885
1780992110000,1859,612,388,2889
1780992120000,2880,34603,27663,41744
1780992130000,2608,28207,24149,33503
1780992140000,3083,23653,20389,30866
1780992150000,2283,755,458,3189
1780992160000,2105,687,428,2896
1780992170000,2291,686,370,3194
1780992180000,2137,714,291,2875
1780992190000,2485,771,374,3320
1780992200000,1724,678,415,2807
1780992210000,2059,740,385,3236
1780992220000,2035,735,385,2967
1780992230000,2128,632,299,2857
1780992240000,3631,30108,28968,39455
1780992250000,3309,29210,25392,35855
1780992260000,2792,27501,26547,36246
1780992270000,1906,739,457,3159
1780992280000,1733,586,334,2781
1780992290000,1860,627,361,2750
1780992300000,1835,600,318,2842
1780992310000,2091,654,383,2928
1780992320000,1893,657,306,2682
1780992330000,2176,688,369,3200
1780992340000,1826,630,272,2630
1780992350000,1736,715,429,2886
1780992360000,3139,26898,22278,33623
1780992370000,2809,28773,24143,34809
1780992380000,3346,27580,26027,34814
1780992390000,2193,666,384,3295
1780992400000,2028,709,320,3132
1780992410000,1946,723,397,3079
1780992420000,1946,561,351,2647
1780992430000,1821,609,402,2951
1780992440000,2154,694,448,3071
1780992450000,1987,654,332,2769
1780992460000,1905,684,420,3129
1780992470000,2134,713,448,3063
1780992480000,3106,27898,24599,36723
1780992490000,2924,24509,20784,30923
1780992500000,2847,30903,24972,36713
1780992510000,2036,559,286,2760
1780992520000,2255,721,440,3213
1780992530000,1999,631,344,3131
1780992540000,1846,701,365,2909
1780992550000,1809,552,272,2525
1780992560000,1725,599,298,2599
1780992570000,1908,702,345,2848
1780992580000,1710,553,341,2538
1780992590000,1831,523,354,2619
1780992600000,3354,27972,24683,34559
1780992610000,2755,25900,24503,33641
1780992620000,2942,27212,25869,35680
1780992630000,2268,658,450,3200
1780992640000,1924,662,326,2871
1780992650000,1871,687,289,2879
1780992660000,2085,658,358,3066
1780992670000,2136,691,329,2969
1780992680000,2165,730,372,3016
1780992690000,2025,789,350,3254
1780992700000,1936,684,407,3125
1780992710000,2068,649,437,2999
1780992720000,3161,28084,27145,37099
1780992730000,2946,24121,22116,30684
1780992740000,2687,30139,24748,36254
1780992750000,1679,634,281,2787
1780992760000,2105,656,321,2834
1780992770000,2012,654,422,2828
1780992780000,1915,701,392,3021
1780992790000,2024,606,400,2790
1780992800000,1863,613,384,2897
1780992810000,2230,687,355,3037
1780992820000,2007,693,432,3177
1780992830000,1956,585,382,2762
1780992840000,2981,25905,22043,33536
1780992850000,2690,26143,21824,31353
1780992860000,3065,31122,27961,38836
1780992870000,1852,705,399,2888
1780992880000,2101,724,427,3322
1780992890000,1962,638,396,2793
1780992900000,2036,555,276,2754
1780992910000,2160,750,446,3047
1780992920000,1939,655,369,2778
1780992930000,2046,778,434,3133
1780992940000,2092,740,430,3248
1780992950000,1937,590,350,2656
1780992960000,3172,28148,22939,35090
1780992970000,2827,27106,24368,33627
1780992980000,2951,32211,25204,38558
1780992990000,1637,627,394,2688
1780993000000,2156,635,291,2877
1780993010000,2034,665,357,2975
1780993020000,1700,558,314,2746
1780993030000,2328,650,382,3149
1780993040000,1691,652,267,2635
1780993050000,2055,713,384,3084
1780993060000,1789,557,347,2778
1780993070000,2071,636,316,2945
1780993080000,2630,30521,26769,36231
1780993090000,2977,25607,22111,32688
1780993100000,3215,27561,24312,32556
1780993110000,2011,692,458,3059
1780993120000,1919,681,324,2845
1780993130000,2483,772,434,3386
1780993140000,2119,670,479,3289
1780993150000,1844,607,301,2927
1780993160000,1907,613,452,3036
1780993170000,2069,664,433,2989
1780993180000,1962,675,395,3149
1780993190000,1940,726,376,3230
1780993200000,2757,26923,23107,33975
1780993210000,2758,26127,24048,33155
1780993220000,2794,29410,26326,36309
1780993230000,1671,640,299,2738
1780993240000,1932,629,329,3011
1780993250000,1848,581,375,2564
1780993260000,2068,689,325,2995
1780993270000,2115,648,457,3127
1780993280000,1987,685,370,3255
1780993290000,2289,718,440,3097
1780993300000,2358,825,444,3375
1780993310000,1724,629,316,2668
1780993320000,3013,32168,29103,40980
1780993330000,2570,26569,21522,31502
1780993340000,2773,28600,25868,37797
1780993350000,1919,580,371,2641
1780993360000,2069,625,298,2914
1780993370000,2000,746,325,3117
1780993380000,1992,606,385,2877
1780993390000,1913,604,303,2657
1780993400000,1874,562,291,2623
1780993410000,2022,682,327,2899
1780993420000,1900,622,301,2958
1780993430000,2056,790,409,3261
1780993440000,2824,25476,23122,33005
1780993450000,3097,25249,21459,29890
1780993460000,3057,22908,21178,29260
1780993470000,1869,616,409,3026
1780993480000,1961,700,315,2846
1780993490000,2055,577,288,2816
1780993500000,1980,740,411,3045
1780993510000,2218,721,420,3273
1780993520000,2069,712,458,3104
1780993530000,1982,686,325,3062
1780993540000,1952,779,447,3137
1780993550000,2072,661,430,2941
1780993560000,2856,26752,24166,34680
1780993570000,2995,27809,25082,36827
1780993580000,3266,27073,24825,33692
1780993590000,2057,647,362,3081
1780993600000,2089,759,343,3198
1780993610000,2000,686,413,3183
1780993620000,2413,781,423,3235
1780993630000,2416,738,364,3293
1780993640000,1812,665,420,2964
1780993650000,2338,683,358,3173
1780993660000,1575,594,326,2597
1780993670000,1834,626,364,2992
1780993680000,2436,29017,27361,36880
1780993690000,3062,24018,21035,31446
1780993700000,2717,30582,28222,40599
1780993710000,2153,703,409,3265
1780993720000,1980,646,382,2839
1780993730000,1827,724,408,3037
1780993740000,2100,739,360,3315
1780993750000,2268,702,340,3181
1780993760000,2287,791,408,3209
1780993770000,2065,694,395,3023
1780993780000,1826,624,290,2848
1780993790000,1903,667,314,2924
1780993800000,2944,31970,28445,38155
1780993810000,1654,29202,25293,35375
1780993820000,3417,27674,23134,34517
1780993830000,1977,595,323,2971
1780993840000,2175,707,382,3057
1780993850000,2126,639,298,2870
1780993860000,2045,605,418,2793
1780993870000,1915,652,368,3087
1780993880000,1867,711,446,3113
1780993890000,2009,712,307,2866
1780993900000,2101,735,420,3157
1780993910000,2066,632,303,3012
1780993920000,2568,30860,27462,37876
1780993930000,3511,32372,28105,41722
1780993940000,2478,28871,25507,35504
1780993950000,1729,596,310,2774
1780993960000,2000,668,335,2756
1780993970000,2124,720,406,2906
1780993980000,2014,687,439,2963
1780993990000,1857,663,295,2909
1780994000000,2123,633,439,3041
1780994010000,1876,716,401,2892
1780994020000,1809,680,364,2879
1780994030000,2189,664,446,3062
1780994040000,2909,26612,21689,32964
1780994050000,2521,24716,21364,31997
1780994060000,3131,26201,21305,32323
1780994070000,1876,732,417,3071
1780994080000,2019,738,306,2998
1780994090000,2184,676,452,3121
1780994100000,1962,668,368,2726
1780994110000,2016,763,390,3083
1780994120000,1839,596,341,2896
1780994130000,2071,685,393,2981
1780994140000,1895,661,312,2731
1780994150000,1700,605,359,2549
1780994160000,2464,27156,23770,34458
1780994170000,3161,29961,24121,36992
1780994180000,2598,31364,25970,38434
1780994190000,2125,645,391,3112
1780994200000,2063,678,431,3192
1780994210000,1996,756,423,3313
1780994220000,2176,734,399,3105
1780994230000,2210,709,414,2970
1780994240000,2154,731,390,3062
1780994250000,2390,711,360,3193
1780994260000,1623,561,384,2610
1780994270000,2026,778,391,3165
1780994280000,2620,25322,24137,33672
1780994290000,2818,27865,24747,33692
1780994300000,3444,37083,32363,46924
1780994310000,2360,681,345,3184
1780994320000,2219,733,393,3277
1780994330000,2111,671,416,2919
1780994340000,1952,715,341,2925
1780994350000,2372,736,373,3220
1780994360000,1817,664,299,2787
1780994370000,2391,781,389,3342
1780994380000,2032,630,421,2905
1780994390000,2058,638,325,3051
1780994400000,3273,28793,24922,35956
1780994410000,2888,30028,24244,37146
1780994420000,3340,26518,22857,34317
1780994430000,2425,705,396,3270
1780994440000,1840,626,343,2781
1780994450000,2017,720,366,3097
1780994460000,2167,720,372,3067
1780994470000,1758,624,350,2797
1780994480000,2217,701,442,3018
1780994490000,1662,567,275,2664
1780994500000,2042,660,322,2814
1780994510000,2038,628,313,3051
1780994520000,2842,31008,27781,38323
1780994530000,3512,26162,22922,33183
1780994540000,2872,29464,24384,36017
1780994550000,1925,716,360,3125
1780994560000,1993,674,354,3018
1780994570000,2189,653,466,3135
1780994580000,2097,685,379,2843
1780994590000,2342,662,468,3238
1780994600000,2301,733,372,3254
1780994610000,1998,714,339,3186
1780994620000,2176,592,411,2949
1780994630000,2221,623,393,3006
1780994640000,2923,25611,22871,32727
1780994650000,2998,21731,19451,28469
1780994660000,3616,26884,23297,34738
1780994670000,1710,647,305,2748
1780994680000,2015,680,315,3103
1780994690000,1905,644,422,2891
1780994700000,1861,671,444,3083
1780994710000,2174,690,368,3156
1780994720000,1856,629,357,2765
1780994730000,1972,571,304,2832
1780994740000,2164,699,377,2968
1780994750000,2110,665,341,3147
1780994760000,3380,23962,19925,29313
1780994770000,2982,20787,19929,26947
1780994780000,3359,23611,21398,29057
1780994790000,2059,705,414,3045
1780994800000,1950,657,312,3080
1780994810000,2078,663,339,3015
1780994820000,1846,686,351,2918
1780994830000,2072,748,337,3143
1780994840000,1933,722,338,2990
1780994850000,2128,805,495,3376
1780994860000,2498,711,444,3340
1780994870000,1948,647,443,3016
1780994880000,3319,28896,26794,35736
1780994890000,3190,27878,25146,35911
1780994900000,3546,31076,24633,37541
1780994910000,1703,583,363,2816
1780994920000,1856,604,402,2782
1780994930000,1957,778,418,3214
1780994940000,2079,653,345,2874
1780994950000,2289,662,339,3160
1780994960000,2062,664,348,3258
1780994970000,1988,678,350,3071
1780994980000,1822,562,321,2729
1780994990000,1673,626,299,2645
1780995000000,3012,25818,23335,33480
1780995010000,2618,27607,21877,33192
1780995020000,2813,30298,27832,38986
1780995030000,2045,677,375,3000
1780995040000,2057,686,381,3102
1780995050000,1917,701,342,3037
1780995060000,2028,663,425,2921
1780995070000,2114,669,369,3038
1780995080000,1983,650,320,2878
1780995090000,2272,680,314,3039
1780995100000,2126,659,375,2840
1780995110000,1955,679,381,2890
1780995120000,2677,24653,21792,32784
1780995130000,2601,29905,28565,39122
1780995140000,3186,29727,24739,36459
1780995150000,2229,697,341,2973
1780995160000,2044,674,315,2995
1780995170000,2123,759,331,3047
1780995180000,2033,692,429,2885
1780995190000,1850,700,413,3043
1780995200000,2071,674,350,2984
1780995210000,1909,666,285,2845
1780995220000,2101,704,419,3256
1780995230000,1862,648,308,2870
1780995240000,2706,30480,28128,37664
1780995250000,2795,26240,23232,34060
1780995260000,3219,21407,19779,28360
1780995270000,2099,626,403,2988
1780995280000,1929,741,348,3212
1780995290000,1955,709,293,2847
1780995300000,1862,697,388,2997
1780995310000,1992,723,411,3074
1780995320000,2024,747,327,3267
1780995330000,1940,757,336,3201
1780995340000,2052,690,345,3015
1780995350000,1758,613,387,2826
1780995360000,3363,29996,24913,36658
1780995370000,3029,23444,21066,28470
1780995380000,2642,29163,25622,36763
1780995390000,2047,672,396,3106
1780995400000,1882,655,430,3107
1780995410000,2186,659,428,3266
1780995420000,1842,724,396,2900
1780995430000,1873,732,421,3071
1780995440000,1898,636,352,3012
1780995450000,2202,702,443,3015
1780995460000,2084,698,296,2855
1780995470000,2064,783,470,3184
1780995480000,2757,27150,25104,35869
1780995490000,3165,30475,29004,39950
1780995500000,3400,26104,22038,33204
1780995510000,2197,696,380,3022
1780995520000,2166,630,314,2903
1780995530000,1649,643,362,2659
1780995540000,1804,594,391,2809
1780995550000,1867,633,293,2689
1780995560000,2223,671,335,3155
1780995570000,1879,643,419,3131
1780995580000,2162,672,404,3196
1780995590000,1919,671,316,2697
1780995600000,3412,30353,26131,37224
1780995610000,3287,31468,27782,39488
1780995620000,3092,28450,26149,37607
1780995630000,2451,809,346,3297
1780995640000,2026,697,365,3083
1780995650000,1931,641,385,3061
1780995660000,2295,667,457,3280
1780995670000,1963,712,424,3058
1780995680000,2022,599,375,2910
1780995690000,2187,659,385,2969
1780995700000,1986,761,308,3072
1780995710000,2420,766,437,3303
1780995720000,2559,28926,26039,36599
1780995730000,3033,30724,25894,38654
1780995740000,2704,29676,25549,38539
1780995750000,2495,819,434,3381
1780995760000,1940,666,307,2866
1780995770000,1982,671,429,2914
1780995780000,1809,733,395,2977
1780995790000,1919,593,387,2872
1780995800000,1941,762,335,3178
1780995810000,2135,701,430,3053
1780995820000,2280,702,364,3094
1780995830000,1999,678,403,2867
1780995840000,2724,28359,25124,36460
1780995850000,3220,26869,23743,33005
1780995860000,2676,30090,24308,36213
1780995870000,2196,659,402,2963
1780995880000,1755,598,291,2898
1780995890000,2367,777,428,3182
1780995900000,1917,543,314,2700
1780995910000,1745,579,372,2770
1780995920000,1864,627,355,2667
1780995930000,2053,628,292,2888
1780995940000,2080,778,446,3210
1780995950000,2364,720,366,3185
1780995960000,2746,33544,25771,39468
1780995970000,3112,27551,22133,32544
1780995980000,3105,27160,24622,35902
1780995990000,1968,631,302,2997
1780996000000,2144,692,294,2920
1780996010000,2391,789,366,3349
1780996020000,2422,750,504,3458
1780996030000,2232,744,379,3015
1780996040000,1862,607,412,2958
1780996050000,1716,589,348,2623
1780996060000,1783,653,402,2734
1780996070000,2164,710,357,3285
1780996080000,3536,27820,25202,34963
1780996090000,2751,25296,23021,32911
1780996100000,3132,27531,23281,34844
1780996110000,2374,728,498,3343
1780996120000,1781,667,301,2750
1780996130000,1785,620,334,2670
1780996140000,1996,672,466,3143
1780996150000,1888,736,442,2987
1780996160000,1976,616,405,2936
1780996170000,2071,712,314,3084
1780996180000,1799,649,403,2910
1780996190000,2179,664,399,2982
1780996200000,2931,28926,22524,34354
1780996210000,3240,26938,24628,34811
1780996220000,3073,24343,20514,31261
1780996230000,2098,608,363,2993
1780996240000,2152,644,443,3078
1780996250000,1762,681,340,2761
1780996260000,1884,656,279,2773
1780996270000,1742,610,393,2811
1780996280000,1762,622,292,2907
1780996290000,1983,706,424,3168
1780996300000,2166,630,373,3025
1780996310000,1855,654,419,2872
1780996320000,2646,29529,25938,38663
1780996330000,2706,32924,26996,41514
1780996340000,3014,28981,25931,35425
1780996350000,1877,592,315,2687
1780996360000,1990,600,297,2926
1780996370000,1716,640,371,2576
1780996380000,1944,613,339,3037
1780996390000,2039,694,419,2912
1780996400000,1740,657,320,2753
1780996410000,1889,578,395,2892
1780996420000,2286,627,407,3082
1780996430000,1903,686,320,2873
1780996440000,2911,25930,20801,31999
1780996450000,2943,27095,22744,32704
1780996460000,3114,29650,27033,36342
1780996470000,1926,676,430,2963
1780996480000,2336,655,379,3211
1780996490000,1903,662,323,2847
1780996500000,2281,835,448,3400
1780996510000,1783,652,430,2884
1780996520000,2061,616,347,2947
1780996530000,1936,653,365,3128
1780996540000,2241,737,433,3187
1780996550000,2275,755,325,3047
1780996560000,3185,29260,24054,36027
1780996570000,3023,28518,24010,34701
1780996580000,2934,26664,22090,33733
1780996590000,2166,740,438,3251
1780996600000,1930,679,298,2750
1780996610000,2062,613,365,2903
1780996620000,1974,749,309,3046
1780996630000,1860,717,402,2973
1780996640000,2395,715,404,3225
1780996650000,1639,638,306,2627
1780996660000,2483,818,472,3350
1780996670000,2023,716,462,3106
1780996680000,3000,30310,28518,38844
1780996690000,2661,28128,24551,34298
1780996700000,2714,26640,23401,33186
1780996710000,2268,785,456,3165
1780996720000,2187,653,347,2971
1780996730000,1715,617,307,2857
1780996740000,2215,641,452,3081
1780996750000,1854,643,417,2989
1780996760000,1882,688,416,2806
1780996770000,1886,575,374,2700
1780996780000,2095,712,381,3142
1780996790000,1908,573,400,2751
1780996800000,3061,27205,22233,32836
1780996810000,3159,29738,27492,37838
1780996820000,2993,26298,23354,33739
1780996830000,1931,622,307,2724
1780996840000,2100,751,480,3334
1780996850000,2124,679,459,3273
1780996860000,2125,597,331,2971
1780996870000,2298,771,321,3126
1780996880000,1867,654,326,2736
1780996890000,1753,653,414,2816
1780996900000,2013,592,285,2818
1780996910000,2156,783,348,3230
1780996920000,2503,28940,24957,35897
1780996930000,3030,30445,26327,36710
1780996940000,2907,24569,21575,30289
1780996950000,1544,502,338,2471
1780996960000,2106,664,473,3210
1780996970000,2439,805,466,3526
1780996980000,1865,618,345,2721
1780996990000,2171,757,440,3145
1780997000000,1781,632,324,2600
1780997010000,2135,692,329,3254
1780997020000,2141,652,312,2937
1780997030000,2037,695,405,3215
1780997040000,3007,28893,26159,38315
1780997050000,2896,28846,24769,37542
1780997060000,3050,30361,27198,38889
1780997070000,2260,683,421,3288
1780997080000,1752,600,378,2541
1780997090000,2087,644,343,3049
1780997100000,2043,688,413,3070
1780997110000,2145,668,356,2862
1780997120000,1674,658,381,2784
1780997130000,1976,695,405,2963
1780997140000,2091,604,306,2853
1780997150000,2259,667,382,3127
1780997160000,3517,27252,23344,34826
1780997170000,2610,26614,23449,34608
1780997180000,3375,24399,23202,32155
1780997190000,2139,654,298,2883
1780997200000,1958,684,363,3101
1780997210000,1997,622,318,2909
1780997220000,2042,639,397,2736
1780997230000,1992,773,375,3187
1780997240000,1811,719,402,2883
1780997250000,2253,688,380,3214
1780997260000,2113,704,360,3089
1780997270000,1842,633,336,2757
1780997280000,3416,28086,24762,34882
1780997290000,2799,31904,26827,39127
1780997300000,2698,31634,26847,37246
1780997310000,2228,807,493,3357
1780997320000,2084,654,438,2947
1780997330000,1818,698,312,3007
1780997340000,1983,702,354,2929
1780997350000,2432,742,404,3254
1780997360000,2285,688,394,3351
1780997370000,1721,636,368,2809
1780997380000,1763,659,298,2928
1780997390000,2412,756,366,3235
1780997400000,2758,22659,19988,28990
1780997410000,2696,25315,23775,32185
1780997420000,3173,27405,23805,33010
1780997430000,1748,540,360,2490
1780997440000,2193,712,342,3056
1780997450000,1899,585,370,2858
1780997460000,1789,715,366,2930
1780997470000,1712,560,375,2641
1780997480000,2061,735,408,3020
1780997490000,2426,799,494,3302
1780997500000,2177,670,311,2991
1780997510000,2030,720,415,3231
1780997520000,2995,28522,25510,35337
1780997530000,2913,32623,26196,38749
1780997540000,3031,28806,26365,35588
1780997550000,2264,771,440,3206
1780997560000,1841,561,381,2780
1780997570000,2115,646,346,3070
1780997580000,2067,613,422,2994
1780997590000,2238,760,475,3284
1780997600000,2138,689,484,3376
1780997610000,1913,644,273,2657
1780997620000,1841,732,429,3011
1780997630000,2032,682,315,2968
1780997640000,2906,30469,23367,35897
1780997650000,3166,22971,20743,28991
1780997660000,3040,26795,24579,34485
1780997670000,2265,773,467,3299
1780997680000,1995,711,366,2951
1780997690000,2226,657,455,3228
1780997700000,2005,619,308,2899
1780997710000,1866,677,329,3016
1780997720000,1880,716,435,2994
1780997730000,2120,650,414,2890
1780997740000,2020,662,337,2773
1780997750000,1968,748,398,3212
1780997760000,2994,25017,21658,33018
1780997770000,2556,22479,19293,26478
1780997780000,3516,28582,26011,36887
1780997790000,1965,632,442,3064
1780997800000,2276,746,483,3343
1780997810000,1894,754,380,3104
1780997820000,1995,709,324,2883
1780997830000,2101,735,373,3239
1780997840000,1986,604,398,2861
1780997850000,1836,612,402,2754
1780997860000,1935,627,324,2901
1780997870000,1978,634,344,2968
1780997880000,2862,30428,24683,36425
1780997890000,2883,30940,26197,37630
1780997900000,3000,23879,23109,31106
1780997910000,1775,676,369,2740
1780997920000,1752,622,357,2919
1780997930000,2193,690,339,3178
1780997940000,2077,745,373,3137
1780997950000,1949,755,356,3122
1780997960000,2029,732,323,3186
1780997970000,2218,714,378,3107
1780997980000,1768,676,314,2933
1780997990000,1877,550,272,2631
1780998000000,3582,27137,23875,33162
1780998010000,3276,25397,22202,32666
1780998020000,3264,29873,24437,36489
1780998030000,1852,588,319,2913
1780998040000,2224,744,340,3080
1780998050000,2176,790,361,3209
1780998060000,2073,628,338,2887
1780998070000,1919,681,408,3134
1780998080000,1824,636,361,2915
1780998090000,2206,613,336,3029
1780998100000,2120,661,316,3140
1780998110000,1882,730,369,2952
1780998120000,2650,26798,22514,33775
1780998130000,3232,32330,27033,39143
1780998140000,2605,29385,26699,38343
1780998150000,2168,668,330,2931
1780998160000,2274,748,381,3122
1780998170000,2106,708,406,3136
1780998180000,1598,596,298,2518
1780998190000,1859,729,343,3011
1780998200000,2410,722,476,3242
1780998210000,2071,712,450,3453
1780998220000,2229,728,327,3039
1780998230000,1695,591,336,2635
1780998240000,2806,24750,22181,29776
1780998250000,2792,27671,24335,35266
1780998260000,3276,23757,21711,30324
1780998270000,1624,602,301,2497
1780998280000,1986,605,342,2885
1780998290000,1992,783,345,3274
1780998300000,2188,743,387,3235
1780998310000,2076,682,355,2976
1780998320000,2062,679,404,2887
1780998330000,1753,579,427,2898
1780998340000,1973,728,323,2915
1780998350000,1848,556,309,2721
1780998360000,3624,29578,26825,36558
1780998370000,3146,29069,27137,37992
1780998380000,3220,25905,23369,34165
1780998390000,1953,760,310,3102
1780998400000,2037,743,386,3057
1780998410000,2502,696,426,3374
1780998420000,2305,786,346,3162
1780998430000,2090,728,401,3278
1780998440000,2191,601,380,2932
1780998450000,2078,602,363,2847
1780998460000,2019,634,316,2941
1780998470000,2261,706,417,3221
1780998480000,3303,28313,25003,33781
1780998490000,2877,28504,23842,33538
1780998500000,2636,31460,25804,37257
1780998510000,1971,644,420,3025
1780998520000,2489,833,387,3387
1780998530000,2042,733,437,3036
1780998540000,1938,606,291,2654
1780998550000,2107,755,361,3169
1780998560000,2253,699,326,3185
1780998570000,2147,630,443,2957
1780998580000,1910,604,340,2840
1780998590000,1799,569,392,2734
1780998600000,2640,28670,27129,36393
1780998610000,3253,27747,22820,33650
1780998620000,2836,29364,23668,35438
1780998630000,2478,842,404,3388
1780998640000,2250,657,340,3199
1780998650000,1912,557,279,2694
1780998660000,1950,729,403,3111
1780998670000,2033,755,367,3239
1780998680000,1866,741,421,2970
1780998690000,2067,587,415,2821
1780998700000,2279,764,408,3272
1780998710000,1945,725,436,3228
1780998720000,2986,28326,26156,36481
1780998730000,2247,26330,22576,32832
1780998740000,2906,27748,23625,34134
1780998750000,1895,630,320,3028
1780998760000,1718,649,349,2841
1780998770000,2092,698,392,2828
1780998780000,2074,678,300,2768
1780998790000,1927,635,385,2678
1780998800000,2395,755,468,3207
1780998810000,2092,699,382,3105
1780998820000,2245,614,334,3003
1780998830000,2162,779,425,3151
1780998840000,3199,26795,21240,31927
1780998850000,3303,31540,29747,40179
1780998860000,3144,29689,25065,37035
1780998870000,1994,747,351,3295
1780998880000,1966,631,381,3098
1780998890000,2148,688,401,3177
1780998900000,1772,615,312,2726
1780998910000,1864,612,357,2934
1780998920000,2115,669,380,3065
1780998930000,1797,659,422,2865
1780998940000,2234,644,334,3095
1780998950000,1846,688,347,2968
1780998960000,2502,27955,24944,34908
1780998970000,3040,27385,22132,32387
1780998980000,2727,30175,25730,36377
1780998990000,1690,659,399,2685
1780999000000,1957,606,307,2758
1780999010000,2099,704,424,2974
1780999020000,1846,667,446,3017
1780999030000,2269,659,421,3070
1780999040000,2135,765,432,3295
1780999050000,1895,642,314,2767
1780999060000,1869,694,307,2833
1780999070000,2009,740,324,3129
1780999080000,3203,33545,30507,43017
1780999090000,3375,28304,25972,34950
1780999100000,2828,29461,27488,38410
1780999110000,2174,606,341,2943
1780999120000,2204,699,340,3058
1780999130000,2113,672,392,3136
1780999140000,2199,832,450,3349
1780999150000,1775,614,326,2648
1780999160000,1987,591,353,2859
1780999170000,1960,623,376,3055
1780999180000,2118,808,398,3276
1780999190000,2003,689,417,3124
1780999200000,1856,1040,635,3872
1780999210000,1891,957,626,3812
1780999220000,1632,1127,758,3815
1780999230000,1847,1121,624,3902
1780999240000,1776,942,608,3743
1780999250000,1905,1155,834,4195
1780999260000,2170,1130,697,4480
1780999270000,1766,1211,699,4086
1780999280000,1879,1302,761,4564
1780999290000,1596,1073,607,3817
1780999300000,1685,1134,669,3880
1780999310000,1939,1201,631,4076
1780999320000,1803,1124,689,3784
1780999330000,2084,1234,780,4449
1780999340000,1404,930,529,3494
1780999350000,1833,1196,730,4138
1780999360000,2163,1176,746,4515
1780999370000,1818,1106,765,4032
1780999380000,2015,1221,690,4281
1780999390000,1798,1145,658,3830
1780999400000,1778,1161,685,4132
1780999410000,1644,980,754,3834
1780999420000,1498,1093,636,3696
1780999430000,1728,1061,693,3691
1780999440000,1926,1159,676,4101
1780999450000,1877,1056,680,4051
1780999460000,1912,1098,640,3886
1780999470000,1860,1071,626,3945
1780999480000,1993,1222,627,4179
1780999490000,1444,1032,594,3459
1780999500000,1768,1035,604,3920
1780999510000,1633,1186,733,3954
1780999520000,1720,1253,836,4291
1780999530000,1819,1068,713,4208
1780999540000,1712,1129,661,3980
1780999550000,1900,1275,701,4307
1780999560000,2155,1280,725,4513
1780999570000,1613,1029,672,3937
1780999580000,2006,1155,747,4075
1780999590000,1653,939,615,3682
1780999600000,1411,973,605,3333
1780999610000,1992,1057,630,4049
1780999620000,1901,1238,735,4137
1780999630000,1997,1150,667,4087
1780999640000,1847,1147,714,4033
1780999650000,1933,994,601,3892
1780999660000,1913,1335,741,4758
1780999670000,1934,1208,776,4148
1780999680000,1693,1034,691,3833
1780999690000,1885,1159,640,3873
1780999700000,1958,1209,835,4353
1780999710000,1463,1000,547,3475
1780999720000,1891,1245,826,4400
1780999730000,1725,1141,737,4027
1780999740000,1718,926,685,3578
1780999750000,1596,1119,692,3786
1780999760000,1961,1061,663,4009
1780999770000,1615,1145,711,3989
1780999780000,1711,1055,637,3879
1780999790000,1848,1108,685,3918
1780999800000,2208,1196,865,4560
1780999810000,2007,1136,682,4299
1780999820000,1693,1113,771,4158
1780999830000,1730,1030,661,3673
1780999840000,2021,1111,781,4079
1780999850000,1525,955,655,3391
1780999860000,1720,1150,735,4073
1780999870000,1842,1099,630,3875
1780999880000,2090,1087,789,4272
1780999890000,1637,1112,696,4044
1780999900000,1942,1175,675,3985
1780999910000,1553,1008,653,3800
1780999920000,1849,1140,640,3809
1780999930000,1824,1235,810,4196
1780999940000,2075,1192,747,4418
1780999950000,1804,1095,691,4031
1780999960000,1759,1038,698,3786
1780999970000,1509,1034,606,3722
1780999980000,1608,1114,602,4010
1780999990000,1706,1144,587,3904
1781000000000,1744,1008,635,3555
1781000010000,1674,1118,710,3893
1781000020000,1796,1148,673,3969
1781000030000,1954,1088,756,4307
1781000040000,1599,1116,709,3797
1781000050000,1796,1125,752,4098
1781000060000,2046,1155,720,4347
1781000070000,1578,969,748,3815
1781000080000,1431,888,661,3514
1781000090000,1904,1042,630,4146
1781000100000,1812,1010,648,4024
1781000110000,2023,1255,631,4202
1781000120000,2063,1360,879,4745
1781000130000,2018,1311,855,4453
1781000140000,1780,1204,705,4019
1781000150000,2113,1101,759,4263
1781000160000,1913,1125,626,4064
1781000170000,1470,1066,593,3599
1781000180000,1608,1062,621,3698
1781000190000,1969,1233,640,4178
1781000200000,1542,949,542,3263
1781000210000,2056,1132,669,4220
1781000220000,1659,1104,642,3917
1781000230000,2003,1099,718,4024
1781000240000,1896,1125,790,4008
1781000250000,1636,997,649,3904
1781000260000,1439,1017,653,3495
1781000270000,1907,1023,650,3830
1781000280000,1606,1005,521,3451
1781000290000,1703,1117,692,4004
1781000300000,1958,1184,813,4262
1781000310000,1718,1119,638,4007
1781000320000,1761,1124,791,4152
1781000330000,1724,1054,768,3873
1781000340000,2053,1110,733,4224
1781000350000,1806,937,687,3730
1781000360000,1962,1257,807,4486
1781000370000,1861,1277,759,4573
1781000380000,2069,1089,824,4178
1781000390000,1694,1001,727,3739
1781000400000,1928,1132,664,3907
1781000410000,1691,1103,758,3979
1781000420000,1941,1117,702,4212
1781000430000,1688,1040,721,4088
1781000440000,1674,1069,616,3662
1781000450000,1841,1098,777,4001
1781000460000,1732,1051,747,3854
1781000470000,1692,911,716,3619
1781000480000,1779,1110,702,4171
1781000490000,1816,1176,752,4278
1781000500000,1705,973,654,3610
1781000510000,1735,1064,619,3827
1781000520000,1907,1140,773,4449
1781000530000,1804,1224,753,4119
1781000540000,2155,1169,891,4580
1781000550000,2045,1225,754,4092
1781000560000,1719,1234,773,4128
1781000570000,1644,1040,674,4045
1781000580000,1741,1159,676,4000
1781000590000,1566,986,543,3585
1781000600000,1473,972,705,3579
1781000610000,1932,1064,668,3960
1781000620000,2126,1094,782,4321
1781000630000,1699,1067,801,4209
1781000640000,1743,1009,599,3904
1781000650000,1717,1184,648,3978
1781000660000,1441,899,671,3528
1781000670000,1708,962,591,3693
1781000680000,1805,1143,578,3839
1781000690000,1649,1071,675,3772
1781000700000,1982,1315,901,4657
1781000710000,1796,1165,797,4108
1781000720000,1987,1070,806,4116
1781000730000,1960,1088,806,4291
1781000740000,2015,1322,831,4600
1781000750000,1610,1031,614,3947
1781000760000,1600,1132,586,3782
1781000770000,1781,1230,630,4114
1781000780000,1919,1202,666,4059
1781000790000,1622,985,564,3706
1781000800000,1808,1110,705,3741
1781000810000,2054,1150,786,4278
1781000820000,2042,1380,846,4615
1781000830000,1719,1156,809,4134
1781000840000,1558,1048,632,3626
1781000850000,1922,1135,613,3862
1781000860000,1490,1046,694,3667
1781000870000,1754,1158,629,4130
1781000880000,1844,1053,579,3755
1781000890000,1593,1011,665,3928
1781000900000,1645,1190,665,3994
1781000910000,2026,1195,709,4057
1781000920000,1957,1144,761,4015
1781000930000,1419,879,641,3300
1781000940000,1986,1070,686,4005
1781000950000,2098,1166,843,4404
1781000960000,1946,1020,671,3965
1781000970000,1789,1019,654,3898
1781000980000,1729,1143,794,4252
1781000990000,1923,1238,851,4297
1781001000000,1851,1087,723,3804
1781001010000,1605,1051,750,3769
1781001020000,2073,1143,750,4343
1781001030000,1914,1079,611,4044
1781001040000,1980,1306,763,4916
1781001050000,1780,1080,755,4014
1781001060000,2058,1181,641,4247
1781001070000,1929,1171,828,4269
1781001080000,1751,1070,632,3956
1781001090000,1671,910,710,3633
1781001100000,1779,1156,754,4256
1781001110000,1640,1100,670,3796
1781001120000,1730,1156,686,3895
1781001130000,1701,1131,649,3975
1781001140000,1731,1100,660,4203
1781001150000,1790,1051,746,3909
1781001160000,1867,1179,735,4217
1781001170000,1714,1054,582,3790
1781001180000,1584,1048,695,3795
1781001190000,1514,945,679,3665
1781001200000,2124,1253,725,4379
1781001210000,1776,1149,767,3953
1781001220000,2066,1256,646,4246
1781001230000,1922,1145,700,3901
1781001240000,2011,1056,766,4177
1781001250000,1619,1069,785,3939
1781001260000,1654,1058,712,4128
1781001270000,1658,906,585,3614
1781001280000,1969,1036,649,3940
1781001290000,1685,1239,762,4180
1781001300000,1906,1131,641,3886
1781001310000,2142,1190,772,4289
1781001320000,1825,1209,750,4373
1781001330000,1690,1021,641,3667
1781001340000,1591,953,683,3770
1781001350000,1745,1105,623,3833
1781001360000,1903,1005,687,3832
1781001370000,1929,1262,716,4339
1781001380000,1961,1080,651,3994
1781001390000,1503,886,627,3470
1781001400000,1859,1203,629,4107
1781001410000,1935,1153,881,4481
1781001420000,1837,1274,733,4395
1781001430000,1958,1175,628,3924
1781001440000,1412,893,608,3430
1781001450000,2054,1279,648,4283
1781001460000,1994,1205,690,4384
1781001470000,1785,1254,727,4319
1781001480000,1999,1073,682,4101
1781001490000,1763,1227,724,4132
1781001500000,1786,1177,759,4064
1781001510000,1819,1058,690,4080
1781001520000,1837,1085,661,3785
1781001530000,1745,1161,755,4188
1781001540000,1736,1051,746,3803
1781001550000,1821,1044,709,3970
1781001560000,1984,1153,772,4077
1781001570000,1973,1170,660,3976
1781001580000,1962,1106,727,4057
1781001590000,1770,911,597,3582
1781001600000,1658,943,590,3764
1781001610000,1751,1163,638,4110
1781001620000,1926,1029,610,3948
1781001630000,1670,1060,643,3728
1781001640000,1809,1094,660,3828
1781001650000,1890,1215,808,4285
1781001660000,1948,984,680,3923
1781001670000,1759,1128,674,4271
1781001680000,1970,1109,670,4345
1781001690000,1770,1131,671,3897
1781001700000,1557,1017,606,3749
1781001710000,1661,1066,597,3651
1781001720000,1932,1033,765,3948
1781001730000,1971,1224,790,4217
1781001740000,1752,1051,634,3870
1781001750000,1820,1114,869,4411
1781001760000,1812,1088,805,4182
1781001770000,1976,1038,684,3982
1781001780000,1801,1248,677,4207
1781001790000,1829,1141,802,4171
1781001800000,1857,1121,693,4137
1781001810000,1585,1048,583,3793
1781001820000,1823,1113,850,4257
1781001830000,1512,919,587,3338
1781001840000,1680,985,619,3864
1781001850000,1840,1113,641,4003
1781001860000,1653,1067,645,3569
1781001870000,1722,943,632,3623
1781001880000,2036,1078,642,4211
1781001890000,1871,1134,713,3911
1781001900000,1901,1190,856,4421
1781001910000,1774,941,654,3622
1781001920000,1793,1083,787,4073
1781001930000,1587,1112,766,3894
1781001940000,1630,1177,751,3935
1781001950000,1914,1044,668,4060
1781001960000,1730,1162,651,3944
1781001970000,2005,1077,668,4147
1781001980000,1753,1057,719,3661
1781001990000,1754,1031,738,3992
1781002000000,1893,1039,764,4134
1781002010000,2163,1152,677,4368
1781002020000,1798,1126,693,4132
1781002030000,2061,1232,695,4347
1781002040000,1511,941,742,3750
1781002050000,1728,1065,710,3997
1781002060000,1762,958,612,3741
1781002070000,2075,1206,678,4243
1781002080000,1760,1032,671,3909
1781002090000,2333,1268,813,4688
1781002100000,2062,1261,684,4537
1781002110000,1991,1329,686,4471
1781002120000,2197,1200,881,4586
1781002130000,1745,951,670,3504
1781002140000,1764,1248,715,4261
1781002150000,1853,1103,708,3920
1781002160000,1518,1038,602,3607
1781002170000,1789,981,720,3903
1781002180000,1682,1125,751,3858
1781002190000,1870,1264,781,4479
1781002200000,1603,1057,657,3863
1781002210000,1785,1127,658,4266
1781002220000,1696,1045,658,3871
1781002230000,1668,858,657,3426
1781002240000,1695,1017,696,3984
1781002250000,1709,973,687,3530
1781002260000,1699,1112,734,3909
1781002270000,1723,1141,719,3914
1781002280000,1876,1228,700,4475
1781002290000,1609,924,622,3574
1781002300000,1992,1163,633,4123
1781002310000,1932,1252,674,4213
1781002320000,1625,1153,750,3985
1781002330000,1817,1092,761,4002
1781002340000,1986,1147,764,4127
1781002350000,1783,1025,657,3902
1781002360000,1802,1068,653,4050
1781002370000,1710,935,548,3621
1781002380000,1954,1089,707,3985
1781002390000,1651,1066,566,3673
1781002400000,1569,980,638,3689
1781002410000,1970,1091,645,4264
1781002420000,1726,1059,618,3828
1781002430000,1591,1058,604,3715
1781002440000,1525,971,627,3597
1781002450000,1931,1257,798,4608
1781002460000,2104,1322,815,4449
1781002470000,1756,960,697,3725
1781002480000,1879,1089,670,4075
1781002490000,1794,1175,687,3927
1781002500000,1875,1138,779,3971
1781002510000,2009,1272,686,4322
1781002520000,1569,934,592,3469
1781002530000,1824,1114,813,4119
1781002540000,1903,1128,596,3812
1781002550000,1938,1043,742,4092
1781002560000,1781,1043,693,4001
1781002570000,1877,1134,671,4230
1781002580000,1606,987,611,3812
1781002590000,1924,1279,825,4383
1781002600000,1922,1120,708,3955
1781002610000,2019,1163,747,4115
1781002620000,1692,996,743,3874
1781002630000,1948,1199,785,4102
1781002640000,1607,1032,679,3719
1781002650000,1981,1216,723,4238
1781002660000,2123,1212,752,4310
1781002670000,1881,1166,637,3933
1781002680000,1629,960,606,3383
1781002690000,1806,1064,565,3720
1781002700000,1791,1094,702,3734
1781002710000,1744,999,566,3691
1781002720000,1729,1030,623,3951
1781002730000,1900,1058,695,4208
1781002740000,1965,1121,682,4229
1781002750000,1668,1137,799,4148
1781002760000,1971,1048,607,3999
1781002770000,1813,1247,772,4507
1781002780000,1946,1068,671,4133
1781002790000,2176,1220,918,4614
1781002800000,59,15839,12459,38728
1781002810000,71,15133,11779,37043
1781002820000,28,15131,11216,36797
1781002830000,61,15140,11627,38000
1781002840000,64,14540,11683,37294
1781002850000,51,15624,12496,39082
1781002860000,25,15204,12327,39337
1781002870000,49,16489,12336,37088
1781002880000,28,16151,10599,37820
1781002890000,34,17112,11800,39930
1781002900000,59,17017,11263,39669
1781002910000,67,18572,12924,41624
1781002920000,38,17014,13030,40148
1781002930000,45,17241,11790,38601
1781002940000,27,16658,13253,40715
1781002950000,21,16494,11558,39035
1781002960000,44,15777,12460,36491
1781002970000,76,14196,10367,36585
1781002980000,72,17646,12519,40745
1781002990000,70,16702,12522,40103
1781003000000,48,15896,11186,35542
1781003010000,22,15106,13462,38884
1781003020000,49,16667,12891,39699
1781003030000,69,17026,13222,41498
1781003040000,38,14156,10563,36848
1781003050000,41,13019,10440,34260
1781003060000,66,13959,10896,32898
1781003070000,25,16979,12264,38498
1781003080000,39,16377,12103,37418
1781003090000,24,15406,12493,36085
1781003100000,75,17999,11894,40317
1781003110000,60,14268,10406,34599
1781003120000,71,15842,10925,38510
1781003130000,52,16549,12460,38925
1781003140000,27,15035,11933,35478
1781003150000,32,14785,11199,37460
1781003160000,42,15473,12525,36165
1781003170000,44,15272,11588,39166
1781003180000,71,16286,11062,36623
1781003190000,33,14901,11501,37685
1781003200000,30,15979,13389,39772
1781003210000,23,16461,11574,37256
1781003220000,57,15994,11736,37250
1781003230000,21,13967,11138,35485
1781003240000,35,16903,12688,38916
1781003250000,22,16772,13896,40257
1781003260000,49,14776,11281,36321
1781003270000,79,16055,12960,37167
1781003280000,24,14658,13176,37716
1781003290000,61,16497,12259,39188
1781003300000,27,15762,12301,35521
1781003310000,71,14160,10430,35806
1781003320000,68,16521,12685,40611
1781003330000,77,14949,10580,37329
1781003340000,25,16023,10237,36438
1781003350000,21,15255,11649,39535
1781003360000,22,14688,11589,36728
1781003370000,39,15704,11267,39394
1781003380000,43,14326,10180,34085
1781003390000,55,15695,12461,39368
1781003400000,70,16104,12256,37616
1781003410000,74,17234,11330,39231
1781003420000,44,18036,14124,40591
1781003430000,23,15723,11967,36906
1781003440000,73,18050,12293,40272
1781003450000,51,14192,11270,37223
1781003460000,67,17179,13146,39307
1781003470000,30,14438,12663,37067
1781003480000,56,15385,10789,36218
1781003490000,30,16556,12061,40417
1781003500000,72,16642,12291,38536
1781003510000,41,16184,11446,38551
1781003520000,44,17328,11304,39066
1781003530000,35,14388,11394,35209
1781003540000,51,14775,13467,38773
1781003550000,50,14788,10938,36602
1781003560000,26,15160,12461,36802
1781003570000,73,16754,13300,38914
1781003580000,64,16062,12074,37926
1781003590000,58,14881,12701,38900
1781003600000,35,16555,13319,40170
1781003610000,39,14806,11758,36908
1781003620000,62,16937,11439,38398
1781003630000,69,17572,11728,39633
1781003640000,57,15150,10840,36299
1781003650000,25,15775,11142,35670
1781003660000,50,14869,10963,36669
1781003670000,62,15375,11820,36477
1781003680000,29,16098,12536,38117
1781003690000,20,16969,12205,40569
1781003700000,38,14697,10536,35718
1781003710000,24,15475,12827,36710
1781003720000,62,17161,13076,40164
1781003730000,53,14726,12971,37901
1781003740000,56,14956,12393,36178
1781003750000,24,16304,11833,36289
1781003760000,39,16355,10922,37566
1781003770000,57,16036,12535,36364
1781003780000,62,17035,12552,39606
1781003790000,62,13634,9560,33631
1781003800000,29,14702,10992,36879
1781003810000,52,15697,14184,41174
1781003820000,40,15372,13247,40203
1781003830000,79,16335,11067,39419
1781003840000,64,16228,12454,37664
1781003850000,49,14395,10419,35961
1781003860000,20,15343,11128,38840
1781003870000,21,13644,9940,34265
1781003880000,77,18281,13594,41467
1781003890000,48,17715,13108,39595
1781003900000,41,15766,12228,39860
1781003910000,72,18183,12626,41379
1781003920000,64,15302,11743,36582
1781003930000,76,14388,10999,34613
1781003940000,53,15407,11909,37956
1781003950000,52,14346,11356,36253
1781003960000,52,17131,12155,39160
1781003970000,37,14000,10572,34937
1781003980000,77,15586,13066,38711
1781003990000,43,19012,13909,43263
1781004000000,28,14080,11833,36597
1781004010000,23,16575,14427,41721
1781004020000,26,15808,10978,36723
1781004030000,63,16287,11635,37212
1781004040000,31,16665,14105,41125
1781004050000,34,14769,11091,33949
1781004060000,58,16315,12651,38300
1781004070000,34,14568,12523,36925
1781004080000,25,15828,11571,39610
1781004090000,54,14219,11505,36876
1781004100000,41,14586,11732,36899
1781004110000,48,17464,11195,39122
1781004120000,75,13337,9843,35048
1781004130000,31,16517,12508,39840
1781004140000,61,16713,12487,37798
1781004150000,51,15286,12099,36967
1781004160000,50,16488,11736,37688
1781004170000,62,16117,11912,36093
1781004180000,66,18328,14373,42311
1781004190000,40,16418,10581,36827
1781004200000,42,15024,10500,35943
1781004210000,34,16956,12550,38549
1781004220000,53,17884,14360,41289
1781004230000,42,15380,13439,40013
1781004240000,45,15141,10568,36709
1781004250000,79,15497,10578,35238
1781004260000,30,13465,9823,34362
1781004270000,68,15754,12505,36277
1781004280000,29,16968,13086,39636
1781004290000,46,13893,9368,33459
1781004300000,73,14434,11695,37384
1781004310000,29,17529,12631,39346
1781004320000,30,16775,11287,38348
1781004330000,41,16410,13640,39074
1781004340000,57,15271,12810,39312
1781004350000,29,15664,11496,38164
1781004360000,50,16285,11635,38835
1781004370000,78,14538,13114,37485
1781004380000,79,16900,12747,38027
1781004390000,70,16845,11169,38342
1781004400000,34,14367,12166,36140
1781004410000,24,15580,12395,36489
1781004420000,36,18682,13434,41640
1781004430000,27,15543,13904,39817
1781004440000,25,16619,12766,38577
1781004450000,32,15192,12707,36406
1781004460000,54,16137,12786,39112
1781004470000,53,17403,12762,39760
1781004480000,63,15845,12826,38064
1781004490000,58,15836,11696,37511
1781004500000,72,15889,10900,38862
1781004510000,37,16826,13484,39156
1781004520000,36,13775,12116,36022
1781004530000,64,17219,11869,39769
1781004540000,55,14808,12452,37278
1781004550000,22,15233,11813,36630
1781004560000,20,14982,11079,35004
1781004570000,78,15362,11309,37369
1781004580000,21,16107,11798,37162
1781004590000,39,15200,11885,36545
1781004600000,65,14742,13244,38197
1781004610000,76,16772,12034,40308
1781004620000,23,15245,12034,40035
1781004630000,65,15805,13640,40098
1781004640000,69,15036,9811,33862
1781004650000,72,16985,12029,38938
1781004660000,47,15579,11356,36205
1781004670000,20,16263,12143,37565
1781004680000,23,17458,14802,42531
1781004690000,62,14065,12322,36583
1781004700000,38,16538,12451,37089
1781004710000,33,16971,11694,38333
1781004720000,52,15448,11187,38068
1781004730000,34,14635,11728,36640
1781004740000,56,16132,12793,41748
1781004750000,58,15053,12923,37213
1781004760000,60,16465,12665,38948
1781004770000,24,16592,12129,38904
1781004780000,63,15472,11344,37174
1781004790000,37,15879,13524,40486
1781004800000,59,16125,12714,36607
1781004810000,44,17579,13248,39131
1781004820000,64,15060,11637,35046
1781004830000,37,15222,12277,37648
1781004840000,41,15686,12363,38273
1781004850000,72,14852,11027,38508
1781004860000,53,16427,10993,37300
1781004870000,75,17486,12622,40447
1781004880000,28,16159,12604,40772
1781004890000,73,15512,11321,39749
1781004900000,39,16272,11007,36811
1781004910000,65,17368,13389,38765
1781004920000,37,17361,12228,39607
1781004930000,52,14888,11814,36051
1781004940000,42,18156,12602,42541
1781004950000,62,15477,11937,38404
1781004960000,49,16415,11270,38887
1781004970000,78,14569,10593,37479
1781004980000,77,16918,11295,38644
1781004990000,76,13909,11217,34682
1781005000000,40,13885,11419,35693
1781005010000,73,17539,11581,40807
1781005020000,23,14991,11834,38830
1781005030000,27,15670,13088,38167
1781005040000,53,14768,11903,37841
1781005050000,72,15541,11559,34770
1781005060000,37,14778,12998,37653
1781005070000,74,16760,10917,38976
1781005080000,34,16825,12283,39950
1781005090000,49,13895,11533,36266
1781005100000,39,15132,12744,37338
1781005110000,40,13560,10104,34990
1781005120000,59,17021,11618,38704
1781005130000,55,17035,12713,38527
1781005140000,67,15269,12761,38571
1781005150000,75,16356,12172,36462
1781005160000,51,15583,11009,36051
1781005170000,52,14383,11741,37636
1781005180000,33,16255,11468,37801
1781005190000,31,16996,13506,38686
1781005200000,52,16116,11016,37884
1781005210000,26,15016,11737,38069
1781005220000,60,16383,10525,36707
1781005230000,63,15887,13657,39084
1781005240000,46,14378,10260,33745
1781005250000,64,17476,12175,40600
1781005260000,25,15768,11968,35190
1781005270000,64,14608,10926,38160
1781005280000,37,14849,10505,37303
1781005290000,51,16214,13821,41803
1781005300000,28,16040,12914,37811
1781005310000,66,14744,12765,38402
1781005320000,26,15460,11335,40456
1781005330000,40,13928,11962,36491
1781005340000,54,13667,9462,32352
1781005350000,21,15597,11439,37979
1781005360000,39,15846,12322,38818
1781005370000,69,15328,11180,39216
1781005380000,64,14494,11240,37735
1781005390000,45,16668,11538,37139
1781005400000,56,16348,10862,36999
1781005410000,29,14703,11161,36674
1781005420000,27,15488,10476,35877
1781005430000,28,17653,13600,40029
1781005440000,27,14195,10277,35508
1781005450000,37,15924,10919,35910
1781005460000,36,15779,11732,38720
1781005470000,46,14750,11971,35741
1781005480000,51,16682,12601,37990
1781005490000,21,15045,11008,37971
1781005500000,50,17663,13153,39325
1781005510000,31,13829,11617,34908
1781005520000,28,15407,10344,34346
1781005530000,49,14352,10714,33980
1781005540000,37,15133,11376,37879
1781005550000,79,15585,13103,38341
1781005560000,75,14558,12014,36598
1781005570000,51,16196,12322,41767
1781005580000,22,16371,11726,36563
1781005590000,48,15603,11831,39709
1781005600000,60,17092,11863,41958
1781005610000,71,14766,10820,35553
1781005620000,76,16210,11530,40398
1781005630000,58,15179,13215,39394
1781005640000,58,16238,12432,39659
1781005650000,62,15649,13361,38302
1781005660000,35,16965,11257,38502
1781005670000,42,17178,13562,38953
1781005680000,48,16831,13472,41596
1781005690000,42,15548,11347,38226
1781005700000,35,15614,10610,37689
1781005710000,52,14187,11403,36378
1781005720000,40,14995,12212,39230
1781005730000,25,14214,9923,34142
1781005740000,66,17770,12832,41564
1781005750000,36,18016,14219,40675
1781005760000,27,15657,11979,38667
1781005770000,22,14531,11409,34118
1781005780000,48,14356,11470,35469
1781005790000,56,15290,11506,35947
1781005800000,27,17703,13114,40300
1781005810000,42,14806,12344,36517
1781005820000,79,15811,12245,38806
1781005830000,49,14289,11936,37344
1781005840000,75,16216,12119,41559
1781005850000,54,14565,10921,36807
1781005860000,29,14925,13065,37880
1781005870000,75,14705,11977,36324
1781005880000,58,16264,11426,36355
1781005890000,47,15915,12093,35624
1781005900000,60,14994,10462,37093
1781005910000,28,15674,12100,36975
1781005920000,49,15731,11459,39692
1781005930000,63,15421,13286,38364
1781005940000,56,14288,11626,36763
1781005950000,63,17131,12717,39725
1781005960000,24,17203,12601,40040
1781005970000,26,14030,11914,36030
1781005980000,46,15189,10248,36550
1781005990000,57,17332,13096,41863
1781006000000,67,15076,10489,37157
1781006010000,55,16719,12523,39934
1781006020000,79,15477,11667,35448
1781006030000,36,15777,13077,39163
1781006040000,74,13795,10387,36068
1781006050000,44,14437,11539,35490
1781006060000,34,17353,13250,39086
1781006070000,57,16129,11390,40350
1781006080000,75,14951,9982,34076
1781006090000,24,15125,11745,35654
1781006100000,50,16687,12886,39523
1781006110000,47,14334,11290,37297
1781006120000,24,16757,13687,39964
1781006130000,21,16214,12411,40169
1781006140000,26,17574,11919,39356
1781006150000,78,17005,13476,39645
1781006160000,40,18398,13901,42050
1781006170000,79,15062,12327,39462
1781006180000,59,15312,11629,40018
1781006190000,37,18136,14901,42835
1781006200000,62,14319,12731,36828
1781006210000,76,16009,11618,37962
1781006220000,77,16162,12893,37981
1781006230000,64,15196,12284,38890
1781006240000,22,16135,10502,36198
1781006250000,33,16126,11882,39838
1781006260000,77,16544,11859,37510
1781006270000,73,14198,11424,35627
1781006280000,49,15679,10459,37311
1781006290000,68,15358,12916,38880
1781006300000,39,16414,12988,38222
1781006310000,79,17248,11467,40220
1781006320000,53,16419,11024,38653
1781006330000,68,15220,12937,37150
1781006340000,61,16999,13326,38364
1781006350000,28,15814,12193,38263
1781006360000,66,17011,11293,39774
1781006370000,46,15921,11282,37997
1781006380000,23,14542,12640,36312
1781006390000,39,16659,12553,39615
1781006400000,53,17500,11865,39961
1781006410000,61,17114,12688,38693
1781006420000,78,15252,11470,38425
1781006430000,31,15026,10649,37429
1781006440000,46,14915,11380,37470
1781006450000,77,15275,10208,34727
1781006460000,39,17555,13653,39674
1781006470000,60,14814,12027,34653
1781006480000,51,17547,13020,39586
1781006490000,55,17789,12383,42347
1781006500000,34,14102,11742,35187
1781006510000,79,15368,11207,36731
1781006520000,22,16399,12844,39592
1781006530000,63,13682,12277,35881
1781006540000,42,14650,10201,34293
1781006550000,38,16100,11096,37619
1781006560000,66,14772,11592,34606
1781006570000,71,15490,12015,38723
1781006580000,23,15371,11984,39399
1781006590000,38,15243,11070,39438
1781006600000,61,17632,11889,40722
1781006610000,66,16441,11847,38480
1781006620000,59,13937,10191,36129
1781006630000,78,16497,13495,38709
1781006640000,53,14911,12371,39237
1781006650000,60,15367,11423,37515
1781006660000,56,15956,11293,37786
1781006670000,49,16518,12276,38294
1781006680000,43,15129,11970,36091
1781006690000,21,16520,11698,37931
1781006700000,38,15546,10502,36523
1781006710000,69,13953,11884,35453
1781006720000,54,16968,12735,39325
1781006730000,64,15835,12769,37177
1781006740000,52,16973,12301,39368
1781006750000,29,16953,12975,40486
1781006760000,38,17624,13737,39292
1781006770000,69,17488,13058,40179
1781006780000,23,17671,11920,39324
1781006790000,71,15980,12850,38669
1781006800000,76,17253,11600,40993
1781006810000,55,17719,12711,39401
1781006820000,27,15788,11417,38120
1781006830000,23,16540,13839,41029
1781006840000,64,15100,11281,38201
1781006850000,51,15224,11416,40031
1781006860000,54,17181,11265,38389
1781006870000,68,15044,11568,35616
1781006880000,43,16598,11631,37295
1781006890000,49,14265,10729,34823
1781006900000,47,16980,12225,38891
1781006910000,47,18725,14639,42325
1781006920000,24,15610,12216,37510
1781006930000,53,14446,11979,36112
1781006940000,67,15291,12330,38060
1781006950000,58,15319,13193,39786
1781006960000,71,13964,10442,35809
1781006970000,72,17215,11489,38525
1781006980000,45,15898,12011,39996
1781006990000,27,17932,11948,40916
1781007000000,42,15159,12035,39045
1781007010000,53,15277,11481,37869
1781007020000,47,14804,10364,36403
1781007030000,72,16144,11594,36057
1781007040000,25,17137,12357,39622
1781007050000,31,17416,12661,39668
1781007060000,44,16894,12429,40656
1781007070000,45,15161,10677,37967
1781007080000,22,15817,11405,37882
1781007090000,31,13419,9500,33812
1781007100000,35,15009,12869,38309
1781007110000,62,16622,13137,39229
1781007120000,43,16587,12337,39880
1781007130000,48,15784,11455,37246
1781007140000,48,14274,12310,35555
1781007150000,59,15440,10413,35311
1781007160000,76,16267,11660,36231
1781007170000,67,18157,13164,40576
1781007180000,48,18128,14740,42408
1781007190000,60,16881,11299,38853
1781007200000,75,17032,12306,39323
1781007210000,58,15868,12338,38010
1781007220000,34,15591,14036,40979
1781007230000,66,15711,12292,38740
1781007240000,34,16048,11468,38522
1781007250000,73,16267,11949,37340
1781007260000,41,13575,12162,35156
1781007270000,78,17377,14026,40882
1781007280000,77,15660,13453,40903
1781007290000,42,13855,11612,33453
1781007300000,47,15283,12180,40094
1781007310000,32,14800,10929,34091
1781007320000,48,16821,11703,40875
1781007330000,38,17000,12871,38208
1781007340000,43,16146,12634,39971
1781007350000,70,15340,13611,39814
1781007360000,46,15649,11994,37940
1781007370000,78,14838,10681,37757
1781007380000,28,14752,9400,33092
1781007390000,45,17147,13334,40733
1781007400000,40,15116,10597,37604
1781007410000,42,15100,11592,37927
1781007420000,50,16199,12951,37994
1781007430000,30,13535,11942,35524
1781007440000,79,14564,12228,36865
1781007450000,72,15074,10989,35498
1781007460000,79,16239,13203,39486
1781007470000,25,16640,13527,38821
1781007480000,31,15723,12445,37948
1781007490000,66,18364,14145,41200
1781007500000,62,15352,11307,38686
1781007510000,23,15700,11469,37765
1781007520000,57,14307,11468,37282
1781007530000,60,15969,10367,36775
1781007540000,41,15411,13084,38033
1781007550000,39,14984,11511,39183
1781007560000,37,16841,13160,38432
1781007570000,35,15642,11204,39663
1781007580000,33,15288,10228,36090
1781007590000,40,14310,12242,35837
1781007600000,77,16116,13768,41816
1781007610000,45,16516,12450,38085
1781007620000,51,16424,11849,41156
1781007630000,40,15226,10150,35080
1781007640000,46,16079,12174,36243
1781007650000,61,15904,13690,40764
1781007660000,46,17003,11684,38719
1781007670000,54,15751,10770,36183
1781007680000,31,14639,12249,38497
1781007690000,77,17330,13292,39334
1781007700000,62,13945,11151,36327
1781007710000,33,16123,11176,37433
1781007720000,50,14607,10205,34499
1781007730000,38,16346,11481,38209
1781007740000,63,17062,10956,38250
1781007750000,38,14523,11956,38130
1781007760000,63,14457,10753,37743
1781007770000,28,15463,11170,36280
1781007780000,21,17096,12637,38836
1781007790000,24,15438,12159,37569
1781007800000,26,14536,12046,38115
1781007810000,77,15941,11117,37368
1781007820000,30,15037,12512,38900
1781007830000,71,17580,12252,39439
1781007840000,53,17443,13738,39500
1781007850000,29,15743,13268,38254
1781007860000,38,15891,12940,38072
1781007870000,46,15694,10296,36721
1781007880000,58,17410,11901,39327
1781007890000,53,15258,10581,36572
1781007900000,76,15955,12974,38987
1781007910000,74,15842,11574,41010
1781007920000,26,16906,10585,37625
1781007930000,71,16192,12077,37192
1781007940000,67,15384,12317,37543
1781007950000,38,15702,11152,38307
1781007960000,53,14899,10585,34367
1781007970000,20,16160,12700,38616
1781007980000,38,16077,12768,41470
1781007990000,36,15406,12909,38745
1781008000000,71,15919,11826,37274
1781008010000,77,16519,12073,38322
1781008020000,50,16282,11138,37333
1781008030000,79,15299,13208,39162
1781008040000,27,15422,10654,36946
1781008050000,53,18182,11567,41253
1781008060000,23,16392,12603,37941
1781008070000,79,15071,11660,36866
1781008080000,63,16964,12902,41364
1781008090000,56,17273,10863,38481
1781008100000,42,15981,11308,37446
1781008110000,64,16324,10599,37532
1781008120000,38,17841,13503,43094
1781008130000,28,14816,10849,33577
1781008140000,50,15282,10501,36767
1781008150000,46,15759,12576,37850
1781008160000,28,17635,13003,39253
1781008170000,56,15649,12657,40373
1781008180000,26,16466,11230,37702
1781008190000,59,17931,12522,40119
1781008200000,21,13588,9814,32398
1781008210000,64,13905,10393,36329
1781008220000,45,17918,14116,40864
1781008230000,57,14622,11105,35723
1781008240000,64,16281,12458,37174
1781008250000,47,16083,12259,39248
1781008260000,24,16027,12730,38101
1781008270000,59,15001,11753,33807
1781008280000,43,14603,12234,35266
1781008290000,30,17320,13885,40156
1781008300000,44,16457,11739,40125
1781008310000,28,15920,13256,38412
1781008320000,37,15904,12445,36280
1781008330000,26,15643,11941,38693
1781008340000,71,14789,10988,34895
1781008350000,66,18040,11882,41418
1781008360000,50,15858,12110,35974
1781008370000,28,14272,10537,36465
1781008380000,77,15214,12170,36651
1781008390000,60,17351,12352,39261
1781008400000,34,17750,11175,39752
1781008410000,37,16264,13069,38757
1781008420000,64,16259,12481,39363
1781008430000,24,15747,10884,37722
1781008440000,28,15069,11554,38156
1781008450000,58,14387,12159,37757
1781008460000,52,17321,11690,38688
1781008470000,79,14404,11466,36872
1781008480000,78,15977,11572,36814
1781008490000,35,16276,12354,36630
1781008500000,79,17286,12029,39383
1781008510000,72,15686,13765,39552
1781008520000,75,16808,11025,39001
1781008530000,24,14735,12325,36844
1781008540000,60,16670,10996,37886
1781008550000,63,15361,11996,37719
1781008560000,65,15760,11592,39479
1781008570000,45,14761,12194,35266
1781008580000,52,14964,11505,39143
1781008590000,20,17441,12241,40547
1781008600000,38,13966,10764,34693
1781008610000,52,17104,11918,38839
1781008620000,36,14967,12144,37530
1781008630000,34,15674,12187,36675
1781008640000,58,15615,11734,37655
1781008650000,63,18125,12997,41105
1781008660000,43,14603,10880,36744
1781008670000,42,15354,12330,36663
1781008680000,27,16686,12701,37216
1781008690000,40,15856,13158,38895
1781008700000,65,14647,11553,38061
1781008710000,26,18472,12965,41326
1781008720000,41,16746,12115,37866
1781008730000,59,16422,11862,36897
1781008740000,45,17494,13569,41286
1781008750000,24,15425,12533,39053
1781008760000,78,14883,11057,35223
1781008770000,76,15435,11473,36122
1781008780000,56,16926,13774,40632
1781008790000,47,14988,11376,34710
1781008800000,30,14217,11184,35686
1781008810000,35,16686,11613,38061
1781008820000,79,14427,12829,37312
1781008830000,25,16418,11569,39808
1781008840000,72,15987,12335,37823
1781008850000,22,15959,12168,36263
1781008860000,63,16101,10646,37428
1781008870000,66,15444,11157,39219
1781008880000,52,15213,11111,36758
1781008890000,31,16173,12411,39917
1781008900000,55,17478,12655,39104
1781008910000,53,14727,10429,35925
1781008920000,35,16820,11941,39144
1781008930000,66,15838,11781,39553
1781008940000,41,15965,11725,40364
1781008950000,45,16211,12568,36220
1781008960000,48,15196,11174,35434
1781008970000,79,16661,12785,39143
1781008980000,54,15697,11067,38689
1781008990000,35,16421,13086,38459
1781009000000,65,15019,10650,37862
1781009010000,30,14582,11425,36291
1781009020000,68,18179,12142,41143
1781009030000,38,14923,13017,38233
1781009040000,66,14382,12289,36396
1781009050000,61,16890,12119,38336
1781009060000,62,17287,12839,40566
1781009070000,50,14197,12521,36643
1781009080000,74,14688,12590,38011
1781009090000,46,17241,11274,40114
1781009100000,25,18188,13008,41928
1781009110000,29,15534,12323,39231
1781009120000,56,16567,12205,37964
1781009130000,30,16949,12406,41142
1781009140000,29,15049,11911,35025
1781009150000,27,15822,10861,37604
1781009160000,77,16719,11660,37169
1781009170000,40,16773,12871,38350
1781009180000,38,16799,13019,39187
1781009190000,79,15671,11830,35213
1781009200000,68,14830,12139,36607
1781009210000,34,16193,12303,40731
1781009220000,69,16553,13100,39165
1781009230000,25,14517,10145,34424
1781009240000,26,17243,11992,38697
1781009250000,54,13356,10480,35146
1781009260000,59,15818,13479,38860
1781009270000,20,17906,13155,40126
1781009280000,71,15434,10030,35559
1781009290000,41,16171,11436,38486
1781009300000,72,15146,12353,38056
1781009310000,50,15415,12809,40525
1781009320000,36,16317,11544,37580
1781009330000,23,18024,11620,40726
1781009340000,76,12790,11236,33334
1781009350000,46,16207,13895,41562
1781009360000,28,16678,10937,37335
1781009370000,59,16685,13315,39666
1781009380000,44,16526,11986,37201
1781009390000,42,17769,13789,40546
1781009400000,72,16104,10860,36775
1781009410000,76,15755,11991,39953
1781009420000,33,16796,11237,39024
1781009430000,46,14446,11744,36363
1781009440000,65,13256,11964,34461
1781009450000,57,13557,11474,35099
1781009460000,39,15355,10332,34626
1781009470000,25,15401,11879,39268
1781009480000,78,15484,12122,38150
1781009490000,60,14917,11070,36125
1781009500000,65,15964,12463,39177
1781009510000,21,18174,13298,42292
1781009520000,68,15649,10608,35945
1781009530000,79,16239,10929,36762
1781009540000,62,15181,10781,38325
1781009550000,48,15065,11520,39087
1781009560000,48,13668,11454,34893
1781009570000,33,15822,13007,39022
1781009580000,42,16454,12557,37285
1781009590000,58,17092,10808,38568
1781009600000,58,15512,12861,38495
1781009610000,70,16314,13135,39388
1781009620000,42,17439,12912,39593
1781009630000,63,15477,10910,36298
1781009640000,75,18629,13453,41411
1781009650000,75,15647,11750,39486
1781009660000,25,15948,11788,40518
1781009670000,36,14626,11597,35405
1781009680000,48,14724,10852,38491
1781009690000,47,16460,10589,36591
1781009700000,56,15491,11848,37348
1781009710000,25,13512,10109,35293
1781009720000,64,17532,11198,39769
1781009730000,69,15308,12393,35991
1781009740000,47,16536,12426,37598
1781009750000,59,13667,11588,35419
1781009760000,43,15490,11902,38683
1781009770000,58,15678,10078,35185
1781009780000,21,13349,10889,33694
1781009790000,43,14555,11693,38230
1781009800000,47,14514,10357,36703
1781009810000,54,16803,12325,39235
1781009820000,70,18221,13570,40506
1781009830000,65,16163,11953,40307
1781009840000,36,17292,13236,40247
1781009850000,75,15994,11942,35896
1781009860000,41,16507,12116,37831
1781009870000,20,14334,11072,34297
1781009880000,73,14398,11743,37442
1781009890000,25,16413,12953,37921
1781009900000,34,16436,13746,40101
1781009910000,71,14697,12138,38269
1781009920000,54,14355,10306,34695
1781009930000,61,14758,10695,37940
1781009940000,47,16995,12212,38205
1781009950000,72,16779,11191,38649
1781009960000,47,14659,11300,38166
1781009970000,35,17067,13052,40058
1781009980000,46,16541,13390,38996
1781009990000,63,16369,11715,36741
1781010000000,91,4104,2746,11755
1781010010000,94,4218,3377,12103
1781010020000,119,4069,3176,11745
1781010030000,59,4150,3043,12644
1781010040000,56,4139,2680,11784
1781010050000,83,4153,2731,11517
1781010060000,92,4280,3126,12352
1781010070000,100,3382,2827,10279
1781010080000,78,4685,3247,13602
1781010090000,69,4899,3726,14503
1781010100000,52,3634,2737,10439
1781010110000,62,4214,2488,11202
1781010120000,95,4425,2908,12535
1781010130000,79,4304,2803,11535
1781010140000,117,3752,2901,10926
1781010150000,112,4830,3565,13385
1781010160000,71,3829,2723,10943
1781010170000,80,3972,2933,12149
1781010180000,106,4141,3184,12696
1781010190000,80,4146,3246,12655
1781010200000,67,3708,2666,11471
1781010210000,84,4798,3245,13023
1781010220000,62,4683,3428,13595
1781010230000,82,4167,3253,12002
1781010240000,103,3998,2602,11204
1781010250000,92,4751,3649,14093
1781010260000,91,3426,2695,9662
1781010270000,79,4121,2763,12547
1781010280000,64,4305,3683,13331
1781010290000,110,3926,2680,11098
1781010300000,114,4910,3404,13125
1781010310000,97,4340,3064,13119
1781010320000,86,3762,2685,10182
1781010330000,50,4737,3802,14325
1781010340000,94,4343,2744,11615
1781010350000,85,4050,3219,11548
1781010360000,77,3500,2841,10596
1781010370000,58,4655,3141,12615
1781010380000,82,4094,3196,12152
1781010390000,88,3735,2544,11561
1781010400000,115,3259,2629,9641
1781010410000,93,4200,3355,12333
1781010420000,93,4427,3249,11988
1781010430000,60,4687,3586,13036
1781010440000,111,4554,2983,12421
1781010450000,92,3625,2992,10931
1781010460000,112,3908,2761,11655
1781010470000,51,4194,3327,12652
1781010480000,95,5159,3331,13850
1781010490000,89,4857,3215,13397
1781010500000,50,4830,3528,12996
1781010510000,82,4219,2856,12592
1781010520000,73,4338,2759,11595
1781010530000,90,4350,2879,12105
1781010540000,78,4433,2789,12430
1781010550000,113,3584,2808,10889
1781010560000,93,3750,2933,11090
1781010570000,93,3867,3020,11711
1781010580000,104,4254,2962,12330
1781010590000,104,4158,2709,11618
1781010600000,105,4314,3307,11879
1781010610000,69,3393,2758,10435
1781010620000,53,4918,3341,13535
1781010630000,104,4446,3058,12154
1781010640000,55,4285,3216,12395
1781010650000,88,4473,3026,13000
1781010660000,92,4171,2875,11838
1781010670000,117,4996,3347,13328
1781010680000,62,4951,3136,13846
1781010690000,67,3856,3118,11673
1781010700000,96,4329,3222,11889
1781010710000,66,4310,2861,12520
1781010720000,90,4690,3425,12557
1781010730000,112,3971,2681,11266
1781010740000,63,4459,2824,12524
1781010750000,67,4717,3645,13155
1781010760000,87,4318,2986,12267
1781010770000,102,4067,2732,11051
1781010780000,79,4208,2906,11737
1781010790000,119,4327,3502,12840
1781010800000,63,3506,2647,9871
1781010810000,61,4358,3050,11916
1781010820000,81,4364,2721,11627
1781010830000,88,3867,2897,10802
1781010840000,101,4084,3101,12573
1781010850000,93,4473,2678,12019
1781010860000,73,4414,3264,13779
1781010870000,54,4543,3494,13201
1781010880000,67,4334,2797,11689
1781010890000,108,4705,3380,13261
1781010900000,56,4031,2584,10935
1781010910000,51,4209,2777,12385
1781010920000,64,4384,2904,13126
1781010930000,72,4863,3425,13912
1781010940000,56,3736,3108,11653
1781010950000,103,3968,2699,11305
1781010960000,50,3961,2879,12055
1781010970000,67,4761,3047,13518
1781010980000,68,4217,2581,11691
1781010990000,112,4120,2540,11086
1781011000000,71,4272,3186,12684
1781011010000,71,4370,3072,12087
1781011020000,99,3663,2698,10883
1781011030000,103,4791,3694,13243
1781011040000,104,3870,2983,11369
1781011050000,63,4208,3109,11812
1781011060000,68,4363,3330,12608
1781011070000,87,4121,2840,11898
1781011080000,113,3948,3150,11608
1781011090000,117,4367,2677,11792
1781011100000,51,3861,3148,11457
1781011110000,79,4300,2662,11785
1781011120000,55,3589,2509,10024
1781011130000,53,4186,2714,11959
1781011140000,82,4326,3028,12341
1781011150000,66,4402,2647,11847
1781011160000,61,4828,2922,12888
1781011170000,79,4325,2751,11965
1781011180000,60,3784,2337,10402
1781011190000,101,4299,3381,13173
1781011200000,56,4177,3073,12154
1781011210000,109,4878,3583,13717
1781011220000,74,4389,3356,12279
1781011230000,86,4881,3475,13224
1781011240000,74,3983,3044,11106
1781011250000,79,3844,2646,11033
1781011260000,101,4810,3228,12928
1781011270000,78,4318,3042,12007
1781011280000,50,4317,3503,12669
1781011290000,76,4568,3422,12706
1781011300000,86,4307,3249,12895
1781011310000,87,3498,2391,10007
1781011320000,60,4592,3229,13654
1781011330000,67,4006,2753,11867
1781011340000,86,4333,3117,11694
1781011350000,87,3948,3121,11533
1781011360000,114,3753,2679,10553
1781011370000,74,4542,2850,12786
1781011380000,69,3845,2947,10679
1781011390000,58,4238,2804,12349
1781011400000,110,3908,2814,10855
1781011410000,86,3957,3333,12005
1781011420000,103,3523,2849,10806
1781011430000,116,4226,3024,12976
1781011440000,96,4283,2647,11774
1781011450000,116,4450,3207,13588
1781011460000,87,4305,2581,11586
1781011470000,108,4723,3473,13048
1781011480000,54,4228,2840,12773
1781011490000,79,4354,3543,13390
1781011500000,64,4388,3046,12445
1781011510000,103,3779,2641,10751
1781011520000,107,5060,3395,13841
1781011530000,58,3969,2795,12351
1781011540000,89,3869,2888,11273
1781011550000,119,3731,2682,11220
1781011560000,113,4661,3115,12372
1781011570000,94,3502,2974,10703
1781011580000,54,5063,3297,13663
1781011590000,116,4017,2994,11261
1781011600000,112,5062,2983,13355
1781011610000,107,3620,2647,10987
1781011620000,116,4422,3099,12448
1781011630000,71,4314,2718,11416
1781011640000,81,4700,3004,12754
1781011650000,114,4889,3497,12878
1781011660000,117,4331,3234,12432
1781011670000,116,3585,2947,10934
1781011680000,88,4269,3162,11345
1781011690000,87,4609,2925,12665
1781011700000,66,4608,3087,13091
1781011710000,66,4348,3052,12199
1781011720000,66,3741,2730,11386
1781011730000,93,4045,2675,10786
1781011740000,56,4078,3029,11576
1781011750000,86,4186,2624,11029
1781011760000,68,4307,2872,11576
1781011770000,63,4090,2762,10979
1781011780000,92,4828,3092,12946
1781011790000,59,3636,2719,10977
1781011800000,92,4769,3056,12652
1781011810000,93,4483,3105,12455
1781011820000,114,4325,2947,12266
1781011830000,100,3569,2471,10833
1781011840000,51,3926,2686,10653
1781011850000,89,3836,2995,11520
1781011860000,119,4012,3184,12387
1781011870000,54,4206,3035,11379
1781011880000,102,3882,2896,11429
1781011890000,57,4497,3161,12057
1781011900000,78,3918,2965,12045
1781011910000,77,4195,2906,12022
1781011920000,93,4583,2703,12080
1781011930000,73,4277,2831,11720
1781011940000,89,4308,2967,12747
1781011950000,109,4480,3566,13219
1781011960000,66,4605,2703,12145
1781011970000,63,4652,3415,13055
1781011980000,117,4108,3171,11420
1781011990000,107,4594,2756,12438
1781012000000,107,3976,2986,11166
1781012010000,107,4667,2940,12884
1781012020000,56,3432,2452,9977
1781012030000,50,4638,3534,13064
1781012040000,110,3515,2925,10763
1781012050000,106,3424,2320,10114
1781012060000,55,5078,3625,13466
1781012070000,90,4537,3492,12732
1781012080000,54,4322,2989,12754
1781012090000,110,3906,3197,11542
1781012100000,77,4302,2688,11965
1781012110000,81,3863,3183,11755
1781012120000,115,4255,2944,12692
1781012130000,95,5047,3286,14073
1781012140000,93,4154,3034,11226
1781012150000,118,4007,3106,11370
1781012160000,75,3984,2995,11639
1781012170000,51,4571,3003,12731
1781012180000,101,4597,2950,12157
1781012190000,115,4747,3575,13311
1781012200000,68,5041,3230,13321
1781012210000,77,3734,2540,10627
1781012220000,56,4112,3123,11172
1781012230000,73,4223,3438,12637
1781012240000,76,3790,2605,11118
1781012250000,118,4029,2646,11316
1781012260000,99,3800,2697,10709
1781012270000,102,4602,2969,12705
1781012280000,71,4321,3104,11811
1781012290000,82,3721,2762,11213
1781012300000,106,3953,2721,11714
1781012310000,94,4362,2695,12226
1781012320000,72,4561,3028,13087
1781012330000,77,3698,2908,11380
1781012340000,82,3983,2857,11729
1781012350000,64,3458,2688,10139
1781012360000,95,4210,2935,11669
1781012370000,119,4670,3065,12646
1781012380000,104,4815,3355,12846
1781012390000,105,4639,2847,12895
1781012400000,115,3961,2978,11050
1781012410000,99,3854,2951,11051
1781012420000,109,4712,2882,12551
1781012430000,88,5231,3569,14029
1781012440000,101,3982,2545,11504
1781012450000,111,4367,3265,12535
1781012460000,106,4038,2943,12035
1781012470000,50,3670,2936,10688
1781012480000,116,4469,3024,12003
1781012490000,83,3583,2715,11128
1781012500000,66,3703,2673,11067
1781012510000,91,4697,2907,13134
1781012520000,57,4427,2885,12664
1781012530000,90,4727,3434,12978
1781012540000,51,4443,3343,12919
1781012550000,108,4191,3017,11708
1781012560000,73,3494,2957,10629
1781012570000,106,4479,2824,12117
1781012580000,105,3778,2719,11736
1781012590000,65,4359,3402,12623
1781012600000,84,4398,3580,13220
1781012610000,52,4365,3208,12557
1781012620000,67,4227,3510,12695
1781012630000,93,4259,3047,12026
1781012640000,68,4258,3465,12944
1781012650000,79,4669,3675,13300
1781012660000,85,4435,2690,11724
1781012670000,89,3892,2811,11326
1781012680000,94,4718,3160,13706
1781012690000,70,4060,2834,12139
1781012700000,81,4749,3500,12789
1781012710000,54,3556,2978,10663
1781012720000,99,4319,3112,12992
1781012730000,65,4686,3177,13579
1781012740000,106,4512,3555,12715
1781012750000,105,4326,3171,11447
1781012760000,54,4316,3010,12361
1781012770000,105,4494,2816,12584
1781012780000,104,4281,2688,11988
1781012790000,72,3803,2617,10573
1781012800000,100,4483,3207,12609
1781012810000,103,3803,2875,10515
1781012820000,53,3832,2665,11148
1781012830000,60,3958,2967,12048
1781012840000,104,2998,2480,9203
1781012850000,107,4251,2970,12692
1781012860000,75,3888,2855,11119
1781012870000,59,4428,2833,12848
1781012880000,88,4501,2846,12796
1781012890000,63,3853,2571,10963
1781012900000,57,4291,2577,11396
1781012910000,71,4003,2963,11114
1781012920000,85,4223,3277,12295
1781012930000,93,4743,3023,13714
1781012940000,72,4390,2990,12487
1781012950000,69,5355,3745,14157
1781012960000,89,4821,3250,13738
1781012970000,78,4964,3367,13109
1781012980000,83,3966,3095,12263
1781012990000,74,5032,3814,13827
1781013000000,63,5201,3230,13734
1781013010000,76,4284,2669,12022
1781013020000,65,4263,2619,11852
1781013030000,89,4276,2991,12750
1781013040000,68,3643,2981,11145
1781013050000,71,4371,3085,11734
1781013060000,100,4268,3034,13069
1781013070000,53,4460,3279,13178
1781013080000,74,4152,2859,10942
1781013090000,93,4331,3271,12675
1781013100000,96,3797,2529,11112
1781013110000,119,4616,3292,12440
1781013120000,111,4562,3537,12882
1781013130000,72,4654,3025,12700
1781013140000,118,3636,2885,11128
1781013150000,54,3960,2823,11685
1781013160000,82,4607,3386,12947
1781013170000,61,4327,2930,12289
1781013180000,93,3717,2857,10394
1781013190000,72,4230,2892,11671
1781013200000,74,4493,3261,12971
1781013210000,112,4399,2843,11999
1781013220000,68,3970,2702,12229
1781013230000,97,5290,3363,14615
1781013240000,59,4241,3014,12207
1781013250000,68,4610,2964,12826
1781013260000,109,4873,3118,13133
1781013270000,71,4557,3072,13187
1781013280000,54,4324,3098,12248
1781013290000,60,3994,2863,12153
1781013300000,60,4192,3175,11467
1781013310000,102,4838,3397,13697
1781013320000,66,4492,3264,13153
1781013330000,109,4058,2790,10946
1781013340000,104,3265,2669,10020
1781013350000,72,3954,3049,12291
1781013360000,70,4695,3134,12776
1781013370000,65,4583,3289,12791
1781013380000,93,3965,3176,11767
1781013390000,104,3523,2496,10880
1781013400000,69,4366,2675,11854
1781013410000,97,3934,3352,12064
1781013420000,77,3976,2585,11250
1781013430000,80,3561,2937,10660
1781013440000,114,4707,3627,14474
1781013450000,67,4064,3010,11951
1781013460000,75,3999,2880,10796
1781013470000,54,4718,3410,13041
1781013480000,84,3030,1986,8948
1781013490000,96,4015,2752,12368
1781013500000,76,4030,3042,11789
1781013510000,94,4675,3273,12553
1781013520000,113,4080,2698,12247
1781013530000,94,4071,2812,11402
1781013540000,74,3548,2744,10833
1781013550000,114,3531,2165,9740
1781013560000,116,4109,2569,11278
1781013570000,66,4396,3205,13050
1781013580000,57,3751,2842,11501
1781013590000,63,4268,2871,12549
